seed,policy,n_mechanisms,n_orientations,n_interventions,base_noise,perturbation_scale,ig_mode,budget,success_95,correct_argmax,n95,c95,posterior_true,score_evals,orientation_switches,runtime_s,true_h
0,passive,8,8,10,0.75,0.0,proxy,35,0,0,36,47.40923864907556,0.125,0,0,0.0005824889999992422,3
0,fixed_oed,8,8,10,0.75,0.0,proxy,35,0,0,36,61.73845141781228,0.125,350,0,0.0028761559999992414,3
0,random_orientation,8,8,10,0.75,0.0,proxy,35,1,1,20,27.85049649413827,0.9652074375664533,0,18,0.000355343999999036,3
0,generic_oed,8,8,10,0.75,0.0,proxy,35,1,1,2,1.198908354980727,0.9546207505844039,160,1,0.0010926530000006096,3
0,oarl_no_stability,8,8,10,0.75,0.0,proxy,35,1,1,2,1.198908354980727,0.9778712955800413,160,1,0.0011136339999993083,3
0,full_oarl,8,8,10,0.75,0.0,proxy,35,0,1,36,14.249310763519972,0.941269614139206,2800,2,0.020579448999999528,3
0,oracle,8,8,10,0.75,0.0,proxy,35,1,1,2,1.198908354980727,0.9817001543848904,160,1,0.0017370139999997036,3
1,passive,8,8,10,0.75,0.0,proxy,35,0,0,36,28.218138844506473,0.125,0,0,0.0005291710000001615,6
1,fixed_oed,8,8,10,0.75,0.0,proxy,35,0,0,36,30.604168810350437,0.125,350,0,0.0027352179999979853,6
1,random_orientation,8,8,10,0.75,0.0,proxy,35,1,1,5,6.543534113911796,0.9972324527642329,0,3,8.795000000105802e-05,6
1,generic_oed,8,8,10,0.75,0.0,proxy,35,1,1,1,1.4547862743114124,0.963080331705467,80,0,0.0005564309999996908,6
1,oarl_no_stability,8,8,10,0.75,0.0,proxy,35,1,1,1,1.4547862743114124,0.9855415870302394,80,0,0.0005664660000022081,6
1,full_oarl,8,8,10,0.75,0.0,proxy,35,1,1,5,7.141147596769925,0.9872511407561719,400,3,0.00283463399999917,6
1,oracle,8,8,10,0.75,0.0,proxy,35,1,1,2,2.170809929711873,0.9877531075324686,160,0,0.00197012799999996,6
2,passive,8,8,10,0.75,0.0,proxy,35,0,0,36,57.09828554164256,0.125,0,0,0.0005086509999969735,7
2,fixed_oed,8,8,10,0.75,0.0,proxy,35,0,0,36,115.58901824523075,0.125,350,0,0.002732843999996959,7
2,random_orientation,8,8,10,0.75,0.0,proxy,35,1,1,10,15.89382011965701,0.9605237190153181,0,8,0.00016263000000193983,7
2,generic_oed,8,8,10,0.75,0.0,proxy,35,1,1,5,8.085782835273658,0.9888493981258101,400,2,0.0026604570000010597,7
2,oarl_no_stability,8,8,10,0.75,0.0,proxy,35,1,1,8,6.936620109987565,0.9836530190483797,640,3,0.004324423999999993,7
2,full_oarl,8,8,10,0.75,0.0,proxy,35,0,1,36,24.846301233730458,0.8592839117373353,2800,2,0.020048455000001297,7
2,oracle,8,8,10,0.75,0.0,proxy,35,1,1,7,10.77457404850704,0.9655074810892739,560,3,0.005694975999997354,7
3,passive,8,8,10,0.75,0.0,proxy,35,0,0,36,27.944969348996484,0.125,0,0,0.00048277300000165724,2
3,fixed_oed,8,8,10,0.75,0.0,proxy,35,0,0,36,33.256036692861734,0.125,350,0,0.002847863999999589,2
3,random_orientation,8,8,10,0.75,0.0,proxy,35,1,1,22,25.422929772665054,0.9546207556949393,0,18,0.000331830000000366,2
3,generic_oed,8,8,10,0.75,0.0,proxy,35,1,1,7,9.607061456495263,0.9661818366551059,560,4,0.0037615220000013494,2
3,oarl_no_stability,8,8,10,0.75,0.0,proxy,35,1,1,4,4.931795399014149,0.9626833886837128,320,1,0.002365232000002493,2
3,full_oarl,8,8,10,0.75,0.0,proxy,35,0,1,36,20.63436552562477,0.9023014830327235,2800,2,0.019668695000000014,2
3,oracle,8,8,10,0.75,0.0,proxy,35,1,1,7,7.653825909601805,0.9620025220168134,560,2,0.005752772000001016,2
4,passive,8,8,10,0.75,0.0,proxy,35,0,0,36,58.58484958223396,0.125,0,0,0.00048356299999952057,1
4,fixed_oed,8,8,10,0.75,0.0,proxy,35,0,0,36,72.15938800970312,0.125,350,0,0.002775106999997945,1
4,random_orientation,8,8,10,0.75,0.0,proxy,35,1,1,10,11.563922303435623,0.9702592003311467,0,9,0.00015679100000198787,1
4,generic_oed,8,8,10,0.75,0.0,proxy,35,1,1,3,3.7665931392029828,0.9666617485225764,240,2,0.0019822760000032247,1
4,oarl_no_stability,8,8,10,0.75,0.0,proxy,35,1,1,7,7.858802698816772,0.9920095045131043,560,6,0.0038976840000017887,1
4,full_oarl,8,8,10,0.75,0.0,proxy,35,0,1,36,31.263947153560114,0.9459479136816676,2800,1,0.020717622999999463,1
4,oracle,8,8,10,0.75,0.0,proxy,35,1,1,4,4.466849769172716,0.9915958564241419,320,1,0.003568747999999289,1
5,passive,8,8,10,0.75,0.0,proxy,35,0,0,36,35.9852741329849,0.125,0,0,0.0006102209999987451,5
5,fixed_oed,8,8,10,0.75,0.0,proxy,35,0,0,36,31.670155545743707,0.125,350,0,0.0030417100000015296,5
5,random_orientation,8,8,10,0.75,0.0,proxy,35,1,1,29,34.5763257104046,0.9586656039382291,0,27,0.0004378060000007622,5
5,generic_oed,8,8,10,0.75,0.0,proxy,35,1,1,7,8.677060780141652,0.9647752140873689,560,5,0.0037920579999983772,5
5,oarl_no_stability,8,8,10,0.75,0.0,proxy,35,1,1,4,3.6377619117212294,0.9757156225312377,320,3,0.002186888000000664,5
5,full_oarl,8,8,10,0.75,0.0,proxy,35,1,1,4,3.6377619117212294,0.9697714491924396,320,3,0.002258674000000127,5
5,oracle,8,8,10,0.75,0.0,proxy,35,1,1,4,5.60664556495659,0.9604293524345079,320,2,0.0032786499999986063,5
6,passive,8,8,10,0.75,0.0,proxy,35,0,1,36,42.07490431876934,0.125,0,0,0.0005054559999990715,0
6,fixed_oed,8,8,10,0.75,0.0,proxy,35,0,1,36,36.29874277658159,0.125,350,0,0.002781826999999737,0
6,random_orientation,8,8,10,0.75,0.0,proxy,35,1,1,6,6.806500994719364,0.9631189588863355,0,5,0.00010049799999833908,0
6,generic_oed,8,8,10,0.75,0.0,proxy,35,1,1,3,2.6030012420897224,0.9755699831621181,240,2,0.0016465809999992587,0
6,oarl_no_stability,8,8,10,0.75,0.0,proxy,35,1,1,6,5.388485298967633,0.9660450667692364,480,4,0.003270989000000668,0
6,full_oarl,8,8,10,0.75,0.0,proxy,35,1,1,6,4.267699915935282,0.9700210367996647,480,4,0.003448170000002193,0
6,oracle,8,8,10,0.75,0.0,proxy,35,1,1,5,6.429576301165709,0.9916830014717049,400,4,0.004217566000001227,0
7,passive,8,8,10,0.75,0.0,proxy,35,0,0,36,48.492537143215635,0.125,0,0,0.0005104540000004931,4
7,fixed_oed,8,8,10,0.75,0.0,proxy,35,0,0,36,50.849148028269944,0.125,350,0,0.0029432050000011145,4
7,random_orientation,8,8,10,0.75,0.0,proxy,35,1,1,7,6.771393354827867,0.9845951819527303,0,5,0.00012210099999876434,4
7,generic_oed,8,8,10,0.75,0.0,proxy,35,1,1,4,5.537525233303345,0.9949379690394844,320,2,0.0021823010000012744,4
7,oarl_no_stability,8,8,10,0.75,0.0,proxy,35,1,1,3,3.342798145689874,0.9661626064281095,240,1,0.0016407120000003772,4
7,full_oarl,8,8,10,0.75,0.0,proxy,35,0,1,36,27.057753600992857,0.9414684697461806,2800,3,0.019421299000001113,4
7,oracle,8,8,10,0.75,0.0,proxy,35,1,1,4,5.537525233303345,0.9867091978502011,320,2,0.0032500080000019693,4
0,passive,8,8,10,0.75,0.35,proxy,35,0,0,36,44.267592700211566,0.125,0,0,0.000560818000000296,3
0,fixed_oed,8,8,10,0.75,0.35,proxy,35,0,0,36,61.73845141781228,0.125,350,0,0.0027806850000011707,3
0,random_orientation,8,8,10,0.75,0.35,proxy,35,0,1,36,66.90992994816663,0.8839113385380305,0,33,0.0005555400000005761,3
0,generic_oed,8,8,10,0.75,0.35,proxy,35,1,1,2,1.198908354980727,0.9954164719797294,160,1,0.0010895590000004063,3
0,oarl_no_stability,8,8,10,0.75,0.35,proxy,35,1,1,3,1.7641825227303207,0.9865358339527517,240,1,0.001880986999999834,3
0,full_oarl,8,8,10,0.75,0.35,proxy,35,1,1,3,1.7641825227303207,0.9940438946919586,240,1,0.0017824210000014773,3
0,oracle,8,8,10,0.75,0.35,proxy,35,1,1,3,1.7641825227303207,0.9988856907952987,240,1,0.0025518869999991978,3
1,passive,8,8,10,0.75,0.35,proxy,35,0,0,36,29.128851783549756,0.125,0,0,0.0005343989999992971,6
1,fixed_oed,8,8,10,0.75,0.35,proxy,35,0,0,36,30.604168810350437,0.125,350,0,0.002786001999997012,6
1,random_orientation,8,8,10,0.75,0.35,proxy,35,1,1,2,2.987096314721522,0.9951236347867602,0,1,4.480699999831472e-05,6
1,generic_oed,8,8,10,0.75,0.35,proxy,35,1,1,2,2.3719226446729182,0.9979812491203885,160,0,0.0011207950000020617,6
1,oarl_no_stability,8,8,10,0.75,0.35,proxy,35,1,1,2,2.3719226446729182,0.9996159905118114,160,0,0.0011052310000003729,6
1,full_oarl,8,8,10,0.75,0.35,proxy,35,1,1,2,2.3719226446729182,0.9997416955345326,160,0,0.0011597820000019965,6
1,oracle,8,8,10,0.75,0.35,proxy,35,1,1,2,2.170809929711873,0.9991685730614491,160,0,0.0019257630000026893,6
2,passive,8,8,10,0.75,0.35,proxy,35,0,0,36,56.1129208859149,0.125,0,0,0.0005979829999986919,7
2,fixed_oed,8,8,10,0.75,0.35,proxy,35,0,0,36,115.58901824523075,0.125,350,0,0.002858400000000927,7
2,random_orientation,8,8,10,0.75,0.35,proxy,35,1,1,15,21.222922699149866,0.9623703742306856,0,12,0.0002559069999996666,7
2,generic_oed,8,8,10,0.75,0.35,proxy,35,1,1,6,7.295578237442733,0.9707880808923087,480,3,0.003274674000000033,7
2,oarl_no_stability,8,8,10,0.75,0.35,proxy,35,1,1,3,3.648684821323191,0.9895292067723688,240,2,0.0016567649999998935,7
2,full_oarl,8,8,10,0.75,0.35,proxy,35,0,0,36,25.276341255075227,0.1944649058979357,2800,2,0.019422700999999876,7
2,oracle,8,8,10,0.75,0.35,proxy,35,1,1,4,8.227532973129167,0.9531672689522823,320,2,0.003534266999999147,7
3,passive,8,8,10,0.75,0.35,proxy,35,0,0,36,26.31282822882048,0.125,0,0,0.0005351100000012821,2
3,fixed_oed,8,8,10,0.75,0.35,proxy,35,0,0,36,33.256036692861734,0.125,350,0,0.002742188000002699,2
3,random_orientation,8,8,10,0.75,0.35,proxy,35,1,1,28,35.1227979728689,0.9560669791845842,0,24,0.00047041500000233327,2
3,generic_oed,8,8,10,0.75,0.35,proxy,35,1,1,10,16.121634250856,0.9505438985963274,800,4,0.0053200529999983814,2
3,oarl_no_stability,8,8,10,0.75,0.35,proxy,35,1,1,13,14.685332546855072,0.9706041748954416,1040,3,0.007365443000001193,2
3,full_oarl,8,8,10,0.75,0.35,proxy,35,0,1,36,20.267924418285073,0.9324359103302214,2800,2,0.019678320000000582,2
3,oracle,8,8,10,0.75,0.35,proxy,35,1,1,11,11.677922630804607,0.9960355013158643,880,4,0.00926830199999884,2
4,passive,8,8,10,0.75,0.35,proxy,35,0,0,36,54.66736317899713,0.125,0,0,0.000515190000001553,1
4,fixed_oed,8,8,10,0.75,0.35,proxy,35,0,0,36,72.15938800970312,0.125,350,0,0.003105615000002615,1
4,random_orientation,8,8,10,0.75,0.35,proxy,35,1,1,32,38.73045527713934,0.9732913195492525,0,29,0.0005025419999995506,1
4,generic_oed,8,8,10,0.75,0.35,proxy,35,1,1,4,4.466849769172716,0.9622446706096704,320,2,0.002183022000000534,1
4,oarl_no_stability,8,8,10,0.75,0.35,proxy,35,1,1,6,6.0613872763911845,0.9743774653848426,480,4,0.003307873000000683,1
4,full_oarl,8,8,10,0.75,0.35,proxy,35,0,0,36,31.58200100080241,0.009499198168889932,2800,1,0.01972078200000027,1
4,oracle,8,8,10,0.75,0.35,proxy,35,1,1,3,2.6648664607578043,0.9555385961856531,240,0,0.002503976999999935,1
5,passive,8,8,10,0.75,0.35,proxy,35,0,0,36,33.38549710517446,0.125,0,0,0.0005048749999971847,5
5,fixed_oed,8,8,10,0.75,0.35,proxy,35,0,0,36,31.670155545743707,0.125,350,0,0.002796768999999699,5
5,random_orientation,8,8,10,0.75,0.35,proxy,35,0,0,36,44.465444886492186,0.05227834562491747,0,32,0.000568870000002164,5
5,generic_oed,8,8,10,0.75,0.35,proxy,35,1,1,5,8.052444736462512,0.962543213775201,400,3,0.002727125999999913,5
5,oarl_no_stability,8,8,10,0.75,0.35,proxy,35,1,1,5,1.6943890397930392,0.9681855325141472,400,3,0.002866020999999108,5
5,full_oarl,8,8,10,0.75,0.35,proxy,35,1,1,6,6.3216927869013375,0.9963244820292729,480,4,0.0034841229999997836,5
5,oracle,8,8,10,0.75,0.35,proxy,35,1,1,6,4.331916381974924,0.9901533243061876,480,5,0.005060189999998244,5
6,passive,8,8,10,0.75,0.35,proxy,35,0,1,36,40.83543528930649,0.125,0,0,0.0005058869999992055,0
6,fixed_oed,8,8,10,0.75,0.35,proxy,35,0,1,36,36.29874277658159,0.125,350,0,0.0029368249999990326,0
6,random_orientation,8,8,10,0.75,0.35,proxy,35,1,1,30,37.176744535273016,0.9825724617888876,0,25,0.0005088010000022791,0
6,generic_oed,8,8,10,0.75,0.35,proxy,35,1,1,4,4.367130807469998,0.9983838430402934,320,3,0.0022552400000002137,0
6,oarl_no_stability,8,8,10,0.75,0.35,proxy,35,1,1,4,2.9924804031327907,0.9740743426570859,320,2,0.002617944000000705,0
6,full_oarl,8,8,10,0.75,0.35,proxy,35,0,0,36,29.42222652241965,0.020135362559923587,2800,3,0.019603148000001624,0
6,oracle,8,8,10,0.75,0.35,proxy,35,1,1,8,7.942058997855117,0.9624976153469474,640,6,0.006690706000000546,0
7,passive,8,8,10,0.75,0.35,proxy,35,0,0,36,45.70608146032505,0.125,0,0,0.0005034630000011475,4
7,fixed_oed,8,8,10,0.75,0.35,proxy,35,0,0,36,50.849148028269944,0.125,350,0,0.0027869840000001034,4
7,random_orientation,8,8,10,0.75,0.35,proxy,35,1,1,2,3.044489464912075,0.9656440819260748,0,1,4.514699999802474e-05,4
7,generic_oed,8,8,10,0.75,0.35,proxy,35,1,1,3,5.08608931582067,0.982436007307453,240,1,0.001652489000001367,4
7,oarl_no_stability,8,8,10,0.75,0.35,proxy,35,1,1,2,1.8971170315862746,0.9952159617298653,160,1,0.0011049710000001767,4
7,full_oarl,8,8,10,0.75,0.35,proxy,35,1,1,5,5.239915177276149,0.9879563485328193,400,3,0.0028429969999983484,4
7,oracle,8,8,10,0.75,0.35,proxy,35,1,1,4,5.537525233303345,0.9926691518341485,320,2,0.0032876029999968637,4
0,passive,8,8,10,1.5,0.0,proxy,35,0,0,36,47.40923864907556,0.125,0,0,0.0005306540000020732,3
0,fixed_oed,8,8,10,1.5,0.0,proxy,35,0,0,36,61.73845141781228,0.125,350,0,0.002832890999997062,3
0,random_orientation,8,8,10,1.5,0.0,proxy,35,0,1,36,51.21760981846799,0.6017853915426437,0,31,0.0005195370000024013,3
0,generic_oed,8,8,10,1.5,0.0,proxy,35,1,1,9,6.049214107497448,0.9726948231509961,720,4,0.004964618999999004,3
0,oarl_no_stability,8,8,10,1.5,0.0,proxy,35,1,1,7,3.8567259477649714,0.9595095070276025,560,3,0.0038876989999998557,3
0,full_oarl,8,8,10,1.5,0.0,proxy,35,0,1,36,15.080411882845361,0.8441325492613801,2800,4,0.01953419700000225,3
0,oracle,8,8,10,1.5,0.0,proxy,35,1,1,7,4.093639213210235,0.9553774990436902,560,3,0.005759933000000217,3
1,passive,8,8,10,1.5,0.0,proxy,35,0,0,36,28.218138844506473,0.125,0,0,0.0005084210000028122,6
1,fixed_oed,8,8,10,1.5,0.0,proxy,35,0,0,36,30.604168810350437,0.125,350,0,0.002812843000000953,6
1,random_orientation,8,8,10,1.5,0.0,proxy,35,1,1,14,16.842523209189032,0.9591934496867204,0,10,0.0002178619999995135,6
1,generic_oed,8,8,10,1.5,0.0,proxy,35,1,1,4,4.20619538539593,0.9708585738770295,320,0,0.0021575349999984894,6
1,oarl_no_stability,8,8,10,1.5,0.0,proxy,35,1,1,4,4.20619538539593,0.9848368632980239,320,0,0.002210413000000244,6
1,full_oarl,8,8,10,1.5,0.0,proxy,35,0,0,36,23.33351711173579,0.0027513044828564393,2800,3,0.019382291999999524,6
1,oracle,8,8,10,1.5,0.0,proxy,35,1,1,4,4.005082670434885,0.9621842908319133,320,0,0.003336735999997842,6
2,passive,8,8,10,1.5,0.0,proxy,35,0,0,36,57.09828554164256,0.125,0,0,0.0005063169999992567,7
2,fixed_oed,8,8,10,1.5,0.0,proxy,35,0,0,36,115.58901824523075,0.125,350,0,0.002745191999999008,7
2,random_orientation,8,8,10,1.5,0.0,proxy,35,0,1,36,80.82883900881389,0.9246817539018495,0,28,0.0005195170000007465,7
2,generic_oed,8,8,10,1.5,0.0,proxy,35,1,1,17,19.691305960080374,0.9645854057444844,1360,6,0.00927170799999999,7
2,oarl_no_stability,8,8,10,1.5,0.0,proxy,35,0,1,36,15.133768510514354,0.8992759107353588,2800,8,0.019746359999999186,7
2,full_oarl,8,8,10,1.5,0.0,proxy,35,0,0,36,23.877707294972268,0.17092843002667688,2800,2,0.019623457999998095,7
2,oracle,8,8,10,1.5,0.0,proxy,35,0,1,36,33.37808089017068,0.7552096819859344,2800,9,0.02859317000000061,7
3,passive,8,8,10,1.5,0.0,proxy,35,0,0,36,27.944969348996484,0.125,0,0,0.0005125759999984325,2
3,fixed_oed,8,8,10,1.5,0.0,proxy,35,0,0,36,33.256036692861734,0.125,350,0,0.002760874999999885,2
3,random_orientation,8,8,10,1.5,0.0,proxy,35,0,1,36,38.01387620756742,0.5225970028096676,0,31,0.0005140190000005873,2
3,generic_oed,8,8,10,1.5,0.0,proxy,35,1,1,26,35.45305081301716,0.9668235050515628,2080,7,0.013764739999999165,2
3,oarl_no_stability,8,8,10,1.5,0.0,proxy,35,0,1,36,25.22945693714161,0.8466022733712676,2800,17,0.019527737000000656,2
3,full_oarl,8,8,10,1.5,0.0,proxy,35,0,0,36,19.164724907913318,0.2131654485737901,2800,2,0.019524091000000965,2
3,oracle,8,8,10,1.5,0.0,proxy,35,1,1,12,13.010851124921665,0.9510181318574157,960,2,0.010754596999998256,2
4,passive,8,8,10,1.5,0.0,proxy,35,0,0,36,58.58484958223396,0.125,0,0,0.000560276999998166,1
4,fixed_oed,8,8,10,1.5,0.0,proxy,35,0,0,36,72.15938800970312,0.125,350,0,0.002810930000002543,1
4,random_orientation,8,8,10,1.5,0.0,proxy,35,0,0,36,40.36093419701848,0.24611461251597563,0,32,0.0005376139999988538,1
4,generic_oed,8,8,10,1.5,0.0,proxy,35,1,1,15,18.099482272324686,0.9757029407582205,1200,8,0.008054600000001244,1
4,oarl_no_stability,8,8,10,1.5,0.0,proxy,35,1,1,16,11.250428364056297,0.9578550116285922,1280,5,0.008826199000001367,1
4,full_oarl,8,8,10,1.5,0.0,proxy,35,0,0,36,31.162290131382072,0.0591756628037422,2800,2,0.020067492999999104,1
4,oracle,8,8,10,1.5,0.0,proxy,35,1,1,19,20.428837211953994,0.9791371362020581,1520,8,0.015507012000000486,1
5,passive,8,8,10,1.5,0.0,proxy,35,0,0,36,35.9852741329849,0.125,0,0,0.0004789370000004567,5
5,fixed_oed,8,8,10,1.5,0.0,proxy,35,0,0,36,31.670155545743707,0.125,350,0,0.0027139760000025603,5
5,random_orientation,8,8,10,1.5,0.0,proxy,35,0,1,36,38.60887212968615,0.4226951023024099,0,33,0.0005161519999994368,5
5,generic_oed,8,8,10,1.5,0.0,proxy,35,1,1,15,22.005858186218347,0.977721439230497,1200,8,0.008385999999998006,5
5,oarl_no_stability,8,8,10,1.5,0.0,proxy,35,1,1,20,5.7282524681760245,0.9711939731314652,1600,9,0.010915402999998491,5
5,full_oarl,8,8,10,1.5,0.0,proxy,35,0,1,36,22.17136978206124,0.7283120612335344,2800,3,0.019498783999999603,5
5,oracle,8,8,10,1.5,0.0,proxy,35,1,1,13,15.145376189971143,0.9566854081847165,1040,8,0.010900370999998188,5
6,passive,8,8,10,1.5,0.0,proxy,35,0,1,36,42.07490431876934,0.125,0,0,0.000594297999999327,0
6,fixed_oed,8,8,10,1.5,0.0,proxy,35,0,1,36,36.29874277658159,0.125,350,0,0.0027741950000006455,0
6,random_orientation,8,8,10,1.5,0.0,proxy,35,1,1,27,29.345948283006127,0.9590522619254397,0,21,0.0004230549999988398,0
6,generic_oed,8,8,10,1.5,0.0,proxy,35,1,1,9,9.861234396454634,0.9767846103353875,720,5,0.0048922119999978975,0
6,oarl_no_stability,8,8,10,1.5,0.0,proxy,35,1,1,31,13.02419159586665,0.9557097617647474,2480,4,0.01675128900000189,0
6,full_oarl,8,8,10,1.5,0.0,proxy,35,0,0,36,30.739693110963398,0.04004714785778232,2800,3,0.01965142899999961,0
6,oracle,8,8,10,1.5,0.0,proxy,35,1,1,14,13.121822561551882,0.9606413497866004,1120,8,0.011676647000001594,0
7,passive,8,8,10,1.5,0.0,proxy,35,0,0,36,48.492537143215635,0.125,0,0,0.000480580000001396,4
7,fixed_oed,8,8,10,1.5,0.0,proxy,35,0,0,36,50.849148028269944,0.125,350,0,0.002733435999999756,4
7,random_orientation,8,8,10,1.5,0.0,proxy,35,1,1,30,35.13779313987978,0.9710061158557741,0,23,0.0004464890000015487,4
7,generic_oed,8,8,10,1.5,0.0,proxy,35,1,1,10,17.57559464663101,0.9837352219362683,800,3,0.0053054219999992824,4
7,oarl_no_stability,8,8,10,1.5,0.0,proxy,35,0,1,36,24.661989209241373,0.9033979331173712,2800,9,0.018877075999998993,4
7,full_oarl,8,8,10,1.5,0.0,proxy,35,0,0,36,26.068788334410474,0.16163001159546453,2800,3,0.019594485999999023,4
7,oracle,8,8,10,1.5,0.0,proxy,35,1,1,8,14.806832029979336,0.9517395649969012,640,3,0.006435931000002171,4
0,passive,8,8,10,1.5,0.35,proxy,35,0,0,36,44.267592700211566,0.125,0,0,0.0005087109999983852,3
0,fixed_oed,8,8,10,1.5,0.35,proxy,35,0,0,36,61.73845141781228,0.125,350,0,0.002817559000000358,3
0,random_orientation,8,8,10,1.5,0.35,proxy,35,0,1,36,66.90992994816663,0.4066915567336726,0,33,0.0005738680000000329,3
0,generic_oed,8,8,10,1.5,0.35,proxy,35,1,1,5,3.031450897192587,0.9681156956581444,400,3,0.0027109919999972476,3
0,oarl_no_stability,8,8,10,1.5,0.35,proxy,35,1,1,8,4.658913380959828,0.9859684799171338,640,3,0.004404261999997772,3
0,full_oarl,8,8,10,1.5,0.35,proxy,35,0,1,36,16.163414654919343,0.7954487578470635,2800,6,0.01962398900000295,3
0,oracle,8,8,10,1.5,0.35,proxy,35,1,1,4,2.3294566904799145,0.9556985789738655,320,1,0.0033965040000012436,3
1,passive,8,8,10,1.5,0.35,proxy,35,0,0,36,29.128851783549756,0.125,0,0,0.0005054159999993146,6
1,fixed_oed,8,8,10,1.5,0.35,proxy,35,0,0,36,30.604168810350437,0.125,350,0,0.0028202729999975418,6
1,random_orientation,8,8,10,1.5,0.35,proxy,35,1,1,9,8.877156593673483,0.9955365548042878,0,8,0.00028691300000005526,6
1,generic_oed,8,8,10,1.5,0.35,proxy,35,1,1,5,5.1233317557574365,0.9655213636804194,400,0,0.002962933999999251,6
1,oarl_no_stability,8,8,10,1.5,0.35,proxy,35,1,1,6,6.040468126118943,0.9977920554869318,480,0,0.0032725209999995286,6
1,full_oarl,8,8,10,1.5,0.35,proxy,35,0,0,36,20.5785698822213,0.03659095472958701,2800,3,0.01965326200000206,6
1,oracle,8,8,10,1.5,0.35,proxy,35,1,1,5,4.922219040796391,0.9656381959739777,400,0,0.004131790000002411,6
2,passive,8,8,10,1.5,0.35,proxy,35,0,0,36,56.1129208859149,0.125,0,0,0.0005344889999996383,7
2,fixed_oed,8,8,10,1.5,0.35,proxy,35,0,0,36,115.58901824523075,0.125,350,0,0.0028105690000010952,7
2,random_orientation,8,8,10,1.5,0.35,proxy,35,0,1,36,71.45186760531121,0.9116089868144448,0,31,0.0005773619999978052,7
2,generic_oed,8,8,10,1.5,0.35,proxy,35,1,1,18,18.90110136224945,0.9814484249170076,1440,5,0.013407661999998766,7
2,oarl_no_stability,8,8,10,1.5,0.35,proxy,35,0,0,36,10.673515312254512,0.004601818183972106,2800,6,0.019437022999998277,7
2,full_oarl,8,8,10,1.5,0.35,proxy,35,0,1,36,23.738969550753335,0.2764107756544277,2800,2,0.022686850999999564,7
2,oracle,8,8,10,1.5,0.35,proxy,35,1,1,24,22.859909107710493,0.9692398334300174,1920,3,0.02141926899999902,7
3,passive,8,8,10,1.5,0.35,proxy,35,0,0,36,26.31282822882048,0.125,0,0,0.000508620000001514,2
3,fixed_oed,8,8,10,1.5,0.35,proxy,35,0,0,36,33.256036692861734,0.125,350,0,0.0028810330000013096,2
3,random_orientation,8,8,10,1.5,0.35,proxy,35,0,1,36,42.18209183342596,0.3035311276147626,0,29,0.0005720740000008107,2
3,generic_oed,8,8,10,1.5,0.35,proxy,35,0,0,36,62.749761177513314,0.14597426863263624,2800,8,0.01850991499999921,2
3,oarl_no_stability,8,8,10,1.5,0.35,proxy,35,1,1,33,19.246872558217085,0.9599972603694469,2640,7,0.017755732000001245,2
3,full_oarl,8,8,10,1.5,0.35,proxy,35,0,1,36,19.164724907913318,0.23252394905006907,2800,2,0.019873916999998187,2
3,oracle,8,8,10,1.5,0.35,proxy,35,1,1,28,30.671661424975863,0.9709429967844142,2240,4,0.022878542999997364,2
4,passive,8,8,10,1.5,0.35,proxy,35,0,0,36,54.66736317899713,0.125,0,0,0.0005567920000011384,1
4,fixed_oed,8,8,10,1.5,0.35,proxy,35,0,0,36,72.15938800970312,0.125,350,0,0.002762397999998001,1
4,random_orientation,8,8,10,1.5,0.35,proxy,35,0,0,36,42.11742667768951,0.4535634381792225,0,32,0.0005695809999970436,1
4,generic_oed,8,8,10,1.5,0.35,proxy,35,1,1,16,20.357489006361853,0.9818825014098623,1280,6,0.008527578999999008,1
4,oarl_no_stability,8,8,10,1.5,0.35,proxy,35,1,1,14,10.017758783758822,0.9639787955915236,1120,3,0.008314603999998837,1
4,full_oarl,8,8,10,1.5,0.35,proxy,35,0,0,36,31.605505986913723,0.04664852458003688,2800,2,0.02072880999999782,1
4,oracle,8,8,10,1.5,0.35,proxy,35,1,1,16,19.752583650320386,0.9652736939549791,1280,8,0.013008473000002851,1
5,passive,8,8,10,1.5,0.35,proxy,35,0,0,36,33.38549710517446,0.125,0,0,0.0005269179999984885,5
5,fixed_oed,8,8,10,1.5,0.35,proxy,35,0,0,36,31.670155545743707,0.125,350,0,0.0027396849999981043,5
5,random_orientation,8,8,10,1.5,0.35,proxy,35,0,0,36,44.465444886492186,0.010558574846900417,0,32,0.0010229999999999961,5
5,generic_oed,8,8,10,1.5,0.35,proxy,35,1,1,20,27.79444401018658,0.9793098394390376,1600,12,0.010688898999998031,5
5,oarl_no_stability,8,8,10,1.5,0.35,proxy,35,1,1,16,4.8658113107788425,0.9672555508626102,1280,5,0.00905633900000069,5
5,full_oarl,8,8,10,1.5,0.35,proxy,35,0,1,36,22.368546004722894,0.5123277857497209,2800,3,0.019426716999998206,5
5,oracle,8,8,10,1.5,0.35,proxy,35,1,1,12,10.51505997217412,0.9527873243613415,960,8,0.010738482000000715,5
6,passive,8,8,10,1.5,0.35,proxy,35,0,1,36,40.83543528930649,0.125,0,0,0.0005052160000005301,0
6,fixed_oed,8,8,10,1.5,0.35,proxy,35,0,1,36,36.29874277658159,0.125,350,0,0.0027685770000012155,0
6,random_orientation,8,8,10,1.5,0.35,proxy,35,0,0,36,42.07773231526473,0.2624487446947894,0,30,0.0005648540000002811,0
6,generic_oed,8,8,10,1.5,0.35,proxy,35,1,1,8,9.471727426956555,0.9703394514760109,640,3,0.004351324000001711,0
6,oarl_no_stability,8,8,10,1.5,0.35,proxy,35,1,1,24,11.32034624828312,0.9584524139555065,1920,6,0.01302398600000032,0
6,full_oarl,8,8,10,1.5,0.35,proxy,35,0,0,36,31.293073485378063,0.042215652342414256,2800,2,0.019323385999999942,0
6,oracle,8,8,10,1.5,0.35,proxy,35,1,1,14,14.958200470501144,0.9532101979278624,1120,7,0.012164737000002646,0
7,passive,8,8,10,1.5,0.35,proxy,35,0,0,36,45.70608146032505,0.125,0,0,0.0005045949999988864,4
7,fixed_oed,8,8,10,1.5,0.35,proxy,35,0,0,36,50.849148028269944,0.125,350,0,0.00279601800000151,4
7,random_orientation,8,8,10,1.5,0.35,proxy,35,0,1,36,36.68530422806759,0.7698169423786142,0,30,0.0005674869999978682,4
7,generic_oed,8,8,10,1.5,0.35,proxy,35,1,1,6,10.163250145670494,0.9770827269127863,480,1,0.0035912719999977583,4
7,oarl_no_stability,8,8,10,1.5,0.35,proxy,35,1,1,20,14.505043029605687,0.993084896130102,1600,6,0.011072904999998912,4
7,full_oarl,8,8,10,1.5,0.35,proxy,35,0,1,36,27.071962017002246,0.85914167490068,2800,2,0.01952912899999859,4
7,oracle,8,8,10,1.5,0.35,proxy,35,1,1,8,14.806832029979336,0.974415643934657,640,1,0.0067085830000017665,4
0,passive,16,8,10,0.75,0.0,proxy,35,0,0,36,25.917108842941417,0.0625,0,0,0.0004841549999987649,8
0,fixed_oed,16,8,10,0.75,0.0,proxy,35,0,0,36,23.52299151738598,0.0625,350,0,0.0027574010000002147,8
0,random_orientation,16,8,10,0.75,0.0,proxy,35,1,1,35,57.10023186608237,0.9573518104199673,0,31,0.0005172229999992339,8
0,generic_oed,16,8,10,0.75,0.0,proxy,35,1,1,8,7.798715829963059,0.9512466557589067,640,6,0.004400296000000026,8
0,oarl_no_stability,16,8,10,0.75,0.0,proxy,35,1,1,8,5.4483322778857595,0.9673759383725444,640,7,0.004406025000001534,8
0,full_oarl,16,8,10,0.75,0.0,proxy,35,0,0,36,19.068379603090253,0.05137145424609957,2800,5,0.019540044999999395,8
0,oracle,16,8,10,0.75,0.0,proxy,35,1,1,23,18.193528412042767,0.9955309682822922,1840,12,0.01913575800000089,8
1,passive,16,8,10,0.75,0.0,proxy,35,0,0,36,34.35514590062807,0.0625,0,0,0.00048118000000130223,2
1,fixed_oed,16,8,10,0.75,0.0,proxy,35,0,0,36,30.748129298907937,0.0625,350,0,0.0031019090000015126,2
1,random_orientation,16,8,10,0.75,0.0,proxy,35,0,1,36,48.60982181270167,0.3707631699375278,0,29,0.0005251659999991887,2
1,generic_oed,16,8,10,0.75,0.0,proxy,35,0,0,36,41.22923786890322,0.1232054823133045,2800,15,0.01888293599999713,2
1,oarl_no_stability,16,8,10,0.75,0.0,proxy,35,0,1,36,19.23912766889327,0.9259173697279797,2800,8,0.01962496000000158,2
1,full_oarl,16,8,10,0.75,0.0,proxy,35,0,0,36,18.613579186668144,0.2523016259048844,2800,3,0.019517382000000083,2
1,oracle,16,8,10,0.75,0.0,proxy,35,1,1,14,16.483640347346594,0.9562024916079458,1120,5,0.011374351000000615,2
2,passive,16,8,10,0.75,0.0,proxy,35,0,0,36,20.955434659984817,0.0625,0,0,0.0004994069999995077,5
2,fixed_oed,16,8,10,0.75,0.0,proxy,35,0,0,36,17.237363740593786,0.0625,350,0,0.0027256539999989116,5
2,random_orientation,16,8,10,0.75,0.0,proxy,35,1,1,24,37.835581627642135,0.9542604412879796,0,20,0.0003874920000015436,5
2,generic_oed,16,8,10,0.75,0.0,proxy,35,1,1,12,9.50885195019083,0.9667216562898474,960,6,0.006694852999999057,5
2,oarl_no_stability,16,8,10,0.75,0.0,proxy,35,1,1,14,11.217893192958245,0.9581936607284889,1120,4,0.0076245049999990044,5
2,full_oarl,16,8,10,0.75,0.0,proxy,35,0,1,36,17.314532927698814,0.8195055531808617,2800,5,0.02027946599999808,5
2,oracle,16,8,10,0.75,0.0,proxy,35,1,1,11,7.5362380691866395,0.9568187530769166,880,5,0.008861680999999066,5
3,passive,16,8,10,0.75,0.0,proxy,35,0,0,36,16.393554364938588,0.0625,0,0,0.00047607299999796737,12
3,fixed_oed,16,8,10,0.75,0.0,proxy,35,0,0,36,16.201348587499936,0.0625,350,0,0.0027368600000023946,12
3,random_orientation,16,8,10,0.75,0.0,proxy,35,0,0,36,32.11697941326679,0.3825028304132647,0,31,0.0005165930000003982,12
3,generic_oed,16,8,10,0.75,0.0,proxy,35,1,1,26,22.993001009111488,0.9545404580817387,2080,6,0.013846560000001062,12
3,oarl_no_stability,16,8,10,0.75,0.0,proxy,35,0,0,36,20.05132803633984,0.11344610424699257,2800,10,0.019424044000000862,12
3,full_oarl,16,8,10,0.75,0.0,proxy,35,0,1,36,14.36588934104613,0.361711544947619,2800,5,0.02046672200000188,12
3,oracle,16,8,10,0.75,0.0,proxy,35,0,1,36,17.761686230004457,0.719966524678251,2800,8,0.027885574000002578,12
4,passive,16,8,10,0.75,0.0,proxy,35,0,0,36,21.429390354050703,0.0625,0,0,0.0005215000000013958,4
4,fixed_oed,16,8,10,0.75,0.0,proxy,35,0,0,36,18.278014872455802,0.0625,350,0,0.0028119110000019987,4
4,random_orientation,16,8,10,0.75,0.0,proxy,35,0,1,36,49.59885244513218,0.5497681038257232,0,32,0.0005233719999999664,4
4,generic_oed,16,8,10,0.75,0.0,proxy,35,1,1,22,19.225805549069847,0.951379046478609,1760,7,0.013534701000001093,4
4,oarl_no_stability,16,8,10,0.75,0.0,proxy,35,0,1,36,18.308986525747542,0.8500738601053155,2800,3,0.02035900300000293,4
4,full_oarl,16,8,10,0.75,0.0,proxy,35,0,0,36,16.79994562775489,0.10355827338659661,2800,4,0.01973945900000018,4
4,oracle,16,8,10,0.75,0.0,proxy,35,1,1,13,15.399921229350666,0.9648435750765414,1040,3,0.010714826999997484,4
5,passive,16,8,10,0.75,0.0,proxy,35,0,0,36,31.40911915427812,0.0625,0,0,0.000487269000000623,11
5,fixed_oed,16,8,10,0.75,0.0,proxy,35,0,0,36,25.615181245105966,0.0625,350,0,0.0028514599999986956,11
5,random_orientation,16,8,10,0.75,0.0,proxy,35,1,1,16,17.990470509813086,0.9674331982240635,0,15,0.0002459930000000554,11
5,generic_oed,16,8,10,0.75,0.0,proxy,35,1,1,4,5.68317947660423,0.9863618985813055,320,3,0.0022462360000012893,11
5,oarl_no_stability,16,8,10,0.75,0.0,proxy,35,1,1,6,6.997266670438489,0.9569821394242815,480,4,0.003352468999999303,11
5,full_oarl,16,8,10,0.75,0.0,proxy,35,0,1,36,19.786134719778488,0.9256157363620617,2800,4,0.01949386700000133,11
5,oracle,16,8,10,0.75,0.0,proxy,35,1,1,7,8.3924639482742,0.9619065710443531,560,5,0.005654596999999484,11
6,passive,16,8,10,0.75,0.0,proxy,35,0,0,36,26.878285505348657,0.0625,0,0,0.0004961019999996097,4
6,fixed_oed,16,8,10,0.75,0.0,proxy,35,0,0,36,20.83183252185793,0.0625,350,0,0.002863587000000223,4
6,random_orientation,16,8,10,0.75,0.0,proxy,35,0,1,36,41.39874659598808,0.6670981487607109,0,29,0.0005394469999977503,4
6,generic_oed,16,8,10,0.75,0.0,proxy,35,1,1,23,19.039460193086963,0.9595319059734126,1840,9,0.012332475000000898,4
6,oarl_no_stability,16,8,10,0.75,0.0,proxy,35,1,1,14,7.616490153095571,0.9524863111201034,1120,6,0.0076919850000010115,4
6,full_oarl,16,8,10,0.75,0.0,proxy,35,0,1,36,18.56667517500524,0.7598676609972088,2800,4,0.019522858999998505,4
6,oracle,16,8,10,0.75,0.0,proxy,35,1,1,11,9.327524494303258,0.9710172403363285,880,5,0.008974398999999522,4
7,passive,16,8,10,0.75,0.0,proxy,35,0,0,36,56.66343592471422,0.0625,0,0,0.0005139780000007477,1
7,fixed_oed,16,8,10,0.75,0.0,proxy,35,0,0,36,38.76396391243376,0.0625,350,0,0.002752514000000872,1
7,random_orientation,16,8,10,0.75,0.0,proxy,35,1,1,32,34.45469008839089,0.9510977732860713,0,25,0.0005083299999988355,1
7,generic_oed,16,8,10,0.75,0.0,proxy,35,1,1,6,6.690119111012054,0.9594714530871838,480,2,0.0032115909999994585,1
7,oarl_no_stability,16,8,10,0.75,0.0,proxy,35,1,1,8,7.054883722174964,0.9945591790602905,640,2,0.004390019999998884,1
7,full_oarl,16,8,10,0.75,0.0,proxy,35,1,1,5,4.391905403205168,0.9659622052091327,400,2,0.0028468119999978114,1
7,oracle,16,8,10,0.75,0.0,proxy,35,1,1,8,6.915708336941501,0.9508834561924777,640,3,0.006466626000001696,1
0,passive,16,8,10,0.75,0.35,proxy,35,0,0,36,24.30040509436851,0.0625,0,0,0.0005621089999969797,8
0,fixed_oed,16,8,10,0.75,0.35,proxy,35,0,0,36,23.52299151738598,0.0625,350,0,0.002789437999997091,8
0,random_orientation,16,8,10,0.75,0.35,proxy,35,1,1,28,46.204530602443775,0.951934388865941,0,26,0.0004485120000019549,8
0,generic_oed,16,8,10,0.75,0.35,proxy,35,1,1,9,10.403318456230334,0.9580997246557071,720,6,0.005296699000002292,8
0,oarl_no_stability,16,8,10,0.75,0.35,proxy,35,1,1,28,16.792557528264766,0.9843270284532164,2240,7,0.015427193000000727,8
0,full_oarl,16,8,10,0.75,0.35,proxy,35,0,1,36,18.79208424017078,0.8836840031817094,2800,5,0.01985068400000145,8
0,oracle,16,8,10,0.75,0.35,proxy,35,1,1,10,7.557820891462143,0.9805303380996385,800,7,0.008182047999998332,8
1,passive,16,8,10,0.75,0.35,proxy,35,0,0,36,32.87247861254806,0.0625,0,0,0.0005134580000003552,2
1,fixed_oed,16,8,10,0.75,0.35,proxy,35,0,0,36,30.748129298907937,0.0625,350,0,0.0028276740000023892,2
1,random_orientation,16,8,10,0.75,0.35,proxy,35,0,0,36,53.790255954830606,0.07274030652687015,0,32,0.0005879279999980724,2
1,generic_oed,16,8,10,0.75,0.35,proxy,35,1,1,25,35.42135870753459,0.9714347388559245,2000,7,0.013609059999996731,2
1,oarl_no_stability,16,8,10,0.75,0.35,proxy,35,0,1,36,18.635851232062866,0.9447491796419533,2800,11,0.019096109999999555,2
1,full_oarl,16,8,10,0.75,0.35,proxy,35,0,0,36,15.109017542830149,0.03412300215313577,2800,2,0.0196916800000011,2
1,oracle,16,8,10,0.75,0.35,proxy,35,0,0,36,52.45715370804797,0.3598422200833125,2800,10,0.028331002000001604,2
2,passive,16,8,10,0.75,0.35,proxy,35,0,0,36,20.8077599054144,0.0625,0,0,0.0005425410000015063,5
2,fixed_oed,16,8,10,0.75,0.35,proxy,35,0,0,36,17.237363740593786,0.0625,350,0,0.002803679000003001,5
2,random_orientation,16,8,10,0.75,0.35,proxy,35,0,1,36,53.86129174602967,0.8598967235603467,0,31,0.0005536880000036604,5
2,generic_oed,16,8,10,0.75,0.35,proxy,35,1,1,12,8.22557181740989,0.9709038436095769,960,4,0.006472795000000531,5
2,oarl_no_stability,16,8,10,0.75,0.35,proxy,35,1,1,24,15.95877762539935,0.9501465191340795,1920,10,0.013186746999998888,5
2,full_oarl,16,8,10,0.75,0.35,proxy,35,0,1,36,17.660628502301694,0.9295826741135536,2800,6,0.019743565999995383,5
2,oracle,16,8,10,0.75,0.35,proxy,35,1,1,19,11.390821014601672,0.9779000844498978,1520,4,0.01548077300000017,5
3,passive,16,8,10,0.75,0.35,proxy,35,0,0,36,17.177779909646752,0.0625,0,0,0.0005382550000021524,12
3,fixed_oed,16,8,10,0.75,0.35,proxy,35,0,0,36,16.201348587499936,0.0625,350,0,0.0028479140000001735,12
3,random_orientation,16,8,10,0.75,0.35,proxy,35,0,1,36,35.89282633889545,0.4706966809714697,0,29,0.00054912099999882,12
3,generic_oed,16,8,10,0.75,0.35,proxy,35,0,0,36,31.177514540977317,0.015293686703311691,2800,11,0.01916683400000352,12
3,oarl_no_stability,16,8,10,0.75,0.35,proxy,35,0,1,36,27.3566250449826,0.8395411302289785,2800,12,0.01937644400000238,12
3,full_oarl,16,8,10,0.75,0.35,proxy,35,0,1,36,13.810551211787214,0.33509501246875484,2800,4,0.0196855290000002,12
3,oracle,16,8,10,0.75,0.35,proxy,35,1,1,23,20.46224896215061,0.9596965319448816,1840,9,0.018685953999998617,12
4,passive,16,8,10,0.75,0.35,proxy,35,0,0,36,21.005494647620424,0.0625,0,0,0.0005357000000003609,4
4,fixed_oed,16,8,10,0.75,0.35,proxy,35,0,0,36,18.278014872455802,0.0625,350,0,0.0028139839999994365,4
4,random_orientation,16,8,10,0.75,0.35,proxy,35,0,1,36,45.29447424616753,0.9192298296496029,0,32,0.0005463369999958445,4
4,generic_oed,16,8,10,0.75,0.35,proxy,35,1,1,32,23.912046550098374,0.9821960195892774,2560,7,0.01707244299999644,4
4,oarl_no_stability,16,8,10,0.75,0.35,proxy,35,0,0,36,28.40545733648082,0.26869827356530535,2800,9,0.01914200799999577,4
4,full_oarl,16,8,10,0.75,0.35,proxy,35,0,0,36,17.62548095558608,0.01055485103893781,2800,4,0.019657018000003745,4
4,oracle,16,8,10,0.75,0.35,proxy,35,1,1,24,15.043485120031121,0.9655288396221583,1920,5,0.019548977999995998,4
5,passive,16,8,10,0.75,0.35,proxy,35,0,0,36,30.41255216371629,0.0625,0,0,0.0005111539999944625,11
5,fixed_oed,16,8,10,0.75,0.35,proxy,35,0,0,36,25.615181245105966,0.0625,350,0,0.002800454000002617,11
5,random_orientation,16,8,10,0.75,0.35,proxy,35,1,1,24,27.703017776562763,0.9671390682156904,0,21,0.00038062200000155144,11
5,generic_oed,16,8,10,0.75,0.35,proxy,35,1,1,15,17.9632843324507,0.973170819312406,1200,5,0.008092996999998547,11
5,oarl_no_stability,16,8,10,0.75,0.35,proxy,35,1,1,13,12.264175793334726,0.9590621067508106,1040,8,0.007208861999998817,11
5,full_oarl,16,8,10,0.75,0.35,proxy,35,0,1,36,17.282183895627007,0.8701445456808288,2800,4,0.019852315999997927,11
5,oracle,16,8,10,0.75,0.35,proxy,35,1,1,8,10.626020804161096,0.9963007844771545,640,4,0.006546694999997271,11
6,passive,16,8,10,0.75,0.35,proxy,35,0,0,36,28.048524986231282,0.0625,0,0,0.000512577000002068,4
6,fixed_oed,16,8,10,0.75,0.35,proxy,35,0,0,36,20.83183252185793,0.0625,350,0,0.0028228070000011485,4
6,random_orientation,16,8,10,0.75,0.35,proxy,35,0,1,36,38.48863370967059,0.8880236431266053,0,30,0.00058652500000278,4
6,generic_oed,16,8,10,0.75,0.35,proxy,35,1,1,35,25.34965322043282,0.9691279850634151,2800,15,0.018607989000003045,4
6,oarl_no_stability,16,8,10,0.75,0.35,proxy,35,1,1,6,4.785458085906474,0.9785475839272316,480,5,0.0033161849999956416,4
6,full_oarl,16,8,10,0.75,0.35,proxy,35,0,1,36,18.766742389396665,0.5731686183643367,2800,5,0.01963780999999898,4
6,oracle,16,8,10,0.75,0.35,proxy,35,1,1,10,8.197465073218487,0.9574113546775104,800,7,0.008160626999995202,4
7,passive,16,8,10,0.75,0.35,proxy,35,0,0,36,62.588540787326195,0.0625,0,0,0.0005418499999976234,1
7,fixed_oed,16,8,10,0.75,0.35,proxy,35,0,0,36,38.76396391243376,0.0625,350,0,0.0027825680000006514,1
7,random_orientation,16,8,10,0.75,0.35,proxy,35,0,1,36,36.841746142953255,0.48997563917498144,0,30,0.0006027299999971092,1
7,generic_oed,16,8,10,0.75,0.35,proxy,35,1,1,4,4.2327189951626245,0.9892197805369618,320,2,0.002167378999999414,1
7,oarl_no_stability,16,8,10,0.75,0.35,proxy,35,0,0,36,25.44825712869559,0.0014395943489232642,2800,14,0.019001950000003376,1
7,full_oarl,16,8,10,0.75,0.35,proxy,35,1,1,21,13.45443520505183,0.9508484879950098,1680,5,0.011797686000001306,1
7,oracle,16,8,10,0.75,0.35,proxy,35,1,1,5,4.391905403205168,0.9913213658518818,400,2,0.004108354999999619,1
0,passive,16,8,10,1.5,0.0,proxy,35,0,0,36,25.917108842941417,0.0625,0,0,0.0004827919999996766,8
0,fixed_oed,16,8,10,1.5,0.0,proxy,35,0,0,36,23.52299151738598,0.0625,350,0,0.0028095870000015566,8
0,random_orientation,16,8,10,1.5,0.0,proxy,35,0,1,36,57.10023186608237,0.3531645262319051,0,31,0.0005535370000018247,8
0,generic_oed,16,8,10,1.5,0.0,proxy,35,0,0,36,52.753067686261915,0.03248746498874692,2800,12,0.018748807000001477,8
0,oarl_no_stability,16,8,10,1.5,0.0,proxy,35,0,0,36,22.072933989065916,0.0840591161413018,2800,18,0.019257017000001042,8
0,full_oarl,16,8,10,1.5,0.0,proxy,35,0,0,36,19.578776270048614,0.05361567780340533,2800,6,0.019608015000002865,8
0,oracle,16,8,10,1.5,0.0,proxy,35,1,1,29,21.828020817225248,0.9604979421548597,2320,12,0.02359115599999484,8
1,passive,16,8,10,1.5,0.0,proxy,35,0,0,36,34.35514590062807,0.0625,0,0,0.0004851660000042557,2
1,fixed_oed,16,8,10,1.5,0.0,proxy,35,0,0,36,30.748129298907937,0.0625,350,0,0.0027558080000034124,2
1,random_orientation,16,8,10,1.5,0.0,proxy,35,0,0,36,48.60982181270167,0.14475732984594952,0,29,0.0005501530000060484,2
1,generic_oed,16,8,10,1.5,0.0,proxy,35,0,0,36,55.31490299529295,0.19394213021514348,2800,12,0.018687676999995517,2
1,oarl_no_stability,16,8,10,1.5,0.0,proxy,35,0,0,36,19.901750878385588,0.14211509802870756,2800,16,0.029060538999999608,2
1,full_oarl,16,8,10,1.5,0.0,proxy,35,0,0,36,15.128868948771224,0.07909333131305232,2800,2,0.019589634999995553,2
1,oracle,16,8,10,1.5,0.0,proxy,35,0,0,36,15.480158117280416,0.15281928929634264,2800,4,0.02832767700000005,2
2,passive,16,8,10,1.5,0.0,proxy,35,0,0,36,20.955434659984817,0.0625,0,0,0.0005076489999993328,5
2,fixed_oed,16,8,10,1.5,0.0,proxy,35,0,0,36,17.237363740593786,0.0625,350,0,0.0028042710000022453,5
2,random_orientation,16,8,10,1.5,0.0,proxy,35,0,1,36,58.937839961516154,0.4818113928984518,0,28,0.000528911000003518,5
2,generic_oed,16,8,10,1.5,0.0,proxy,35,0,1,36,22.081568931086373,0.9460568787304642,2800,9,0.01879230699999823,5
2,oarl_no_stability,16,8,10,1.5,0.0,proxy,35,0,1,36,23.229453548170426,0.7678201280110942,2800,8,0.019123806999999715,5
2,full_oarl,16,8,10,1.5,0.0,proxy,35,0,0,36,16.612494890822525,0.22186904501308527,2800,2,0.01973070300000046,5
2,oracle,16,8,10,1.5,0.0,proxy,35,0,1,36,19.24901654486351,0.5312367073658774,2800,5,0.028518409000000133,5
3,passive,16,8,10,1.5,0.0,proxy,35,0,0,36,16.393554364938588,0.0625,0,0,0.0005184960000050864,12
3,fixed_oed,16,8,10,1.5,0.0,proxy,35,0,0,36,16.201348587499936,0.0625,350,0,0.0034259480000002895,12
3,random_orientation,16,8,10,1.5,0.0,proxy,35,0,0,36,32.11697941326679,0.2703032637657484,0,31,0.0005458059999980946,12
3,generic_oed,16,8,10,1.5,0.0,proxy,35,0,0,36,31.364499927397404,0.17793172463341475,2800,15,0.02111528799999718,12
3,oarl_no_stability,16,8,10,1.5,0.0,proxy,35,0,0,36,29.811826979246263,0.2399759273470152,2800,20,0.01934431300000483,12
3,full_oarl,16,8,10,1.5,0.0,proxy,35,0,0,36,14.36588934104613,0.14537587280266467,2800,5,0.019854356000003293,12
3,oracle,16,8,10,1.5,0.0,proxy,35,0,0,36,15.996337781212828,0.22650619479150502,2800,5,0.028351401999998416,12
4,passive,16,8,10,1.5,0.0,proxy,35,0,0,36,21.429390354050703,0.0625,0,0,0.0004833240000010619,4
4,fixed_oed,16,8,10,1.5,0.0,proxy,35,0,0,36,18.278014872455802,0.0625,350,0,0.0027419290000025853,4
4,random_orientation,16,8,10,1.5,0.0,proxy,35,0,1,36,49.59885244513218,0.2502422022191176,0,32,0.0005851340000049277,4
4,generic_oed,16,8,10,1.5,0.0,proxy,35,0,0,36,35.753715320033464,0.3669427973045195,2800,11,0.018578411999996547,4
4,oarl_no_stability,16,8,10,1.5,0.0,proxy,35,0,0,36,18.308986525747542,0.30855434935846804,2800,3,0.018993925000003742,4
4,full_oarl,16,8,10,1.5,0.0,proxy,35,0,0,36,14.848815894019294,0.09802831255803666,2800,1,0.019691395999998917,4
4,oracle,16,8,10,1.5,0.0,proxy,35,0,1,36,18.742085864836646,0.2844361207404356,2800,2,0.028022346000000198,4
5,passive,16,8,10,1.5,0.0,proxy,35,0,0,36,31.40911915427812,0.0625,0,0,0.0004837540000011131,11
5,fixed_oed,16,8,10,1.5,0.0,proxy,35,0,0,36,25.615181245105966,0.0625,350,0,0.0027606559999995284,11
5,random_orientation,16,8,10,1.5,0.0,proxy,35,0,1,36,35.29812849966187,0.9254764674635242,0,33,0.0005577330000008374,11
5,generic_oed,16,8,10,1.5,0.0,proxy,35,1,1,14,14.907403177839333,0.9615416986686488,1120,7,0.007555265000000588,11
5,oarl_no_stability,16,8,10,1.5,0.0,proxy,35,0,1,36,16.934058567224376,0.8701698443078832,2800,11,0.018891565000004107,11
5,full_oarl,16,8,10,1.5,0.0,proxy,35,0,0,36,15.779692457451025,0.014019452510766419,2800,1,0.019523026000001664,11
5,oracle,16,8,10,1.5,0.0,proxy,35,1,1,16,18.080363345501702,0.9599498966182829,1280,6,0.01292009699999852,11
6,passive,16,8,10,1.5,0.0,proxy,35,0,0,36,26.878285505348657,0.0625,0,0,0.0004829429999944068,4
6,fixed_oed,16,8,10,1.5,0.0,proxy,35,0,0,36,20.83183252185793,0.0625,350,0,0.002778603000002988,4
6,random_orientation,16,8,10,1.5,0.0,proxy,35,0,0,36,41.39874659598808,0.324670074327705,0,29,0.0005413089999990461,4
6,generic_oed,16,8,10,1.5,0.0,proxy,35,0,1,36,42.01629167746406,0.9359731737453431,2800,17,0.018851324999999974,4
6,oarl_no_stability,16,8,10,1.5,0.0,proxy,35,0,1,36,13.925557097184603,0.8012635208093789,2800,5,0.019059161000001268,4
6,full_oarl,16,8,10,1.5,0.0,proxy,35,0,1,36,18.589108599450583,0.40574155766421355,2800,5,0.01957887999999741,4
6,oracle,16,8,10,1.5,0.0,proxy,35,0,1,36,21.40545299240338,0.6180792713439847,2800,6,0.02829706200000004,4
7,passive,16,8,10,1.5,0.0,proxy,35,0,0,36,56.66343592471422,0.0625,0,0,0.0005063879999980259,1
7,fixed_oed,16,8,10,1.5,0.0,proxy,35,0,0,36,38.76396391243376,0.0625,350,0,0.002754727000002788,1
7,random_orientation,16,8,10,1.5,0.0,proxy,35,0,1,36,36.386496253264816,0.6181010443865318,0,28,0.0005543290000034062,1
7,generic_oed,16,8,10,1.5,0.0,proxy,35,1,1,16,14.884632271041806,0.9568865448011379,1280,2,0.008610083000000657,1
7,oarl_no_stability,16,8,10,1.5,0.0,proxy,35,0,1,36,28.502816396941732,0.8656404750888721,2800,7,0.01909245099999879,1
7,full_oarl,16,8,10,1.5,0.0,proxy,35,0,1,36,20.57487138913007,0.2695538763396026,2800,1,0.019713507999995272,1
7,oracle,16,8,10,1.5,0.0,proxy,35,1,1,9,7.942543161831562,0.9573145406247568,720,2,0.00736832999999848,1
0,passive,16,8,10,1.5,0.35,proxy,35,0,0,36,24.30040509436851,0.0625,0,0,0.0005502519999964761,8
0,fixed_oed,16,8,10,1.5,0.35,proxy,35,0,0,36,23.52299151738598,0.0625,350,0,0.0027972410000032255,8
0,random_orientation,16,8,10,1.5,0.35,proxy,35,0,1,36,57.82727623754049,0.45821863694038417,0,33,0.0005673080000008213,8
0,generic_oed,16,8,10,1.5,0.35,proxy,35,0,0,36,47.00376571133347,0.01734744436700402,2800,11,0.018958412000003477,8
0,oarl_no_stability,16,8,10,1.5,0.35,proxy,35,0,1,36,22.66712923204551,0.7126082306420758,2800,12,0.019172398999998563,8
0,full_oarl,16,8,10,1.5,0.35,proxy,35,0,0,36,18.92484301904839,0.08380246493943692,2800,5,0.019634401000004686,8
0,oracle,16,8,10,1.5,0.35,proxy,35,1,1,29,21.70706685359646,0.961399971485841,2320,20,0.023397576999997227,8
1,passive,16,8,10,1.5,0.35,proxy,35,0,0,36,32.87247861254806,0.0625,0,0,0.0005327470000011658,2
1,fixed_oed,16,8,10,1.5,0.35,proxy,35,0,0,36,30.748129298907937,0.0625,350,0,0.0027942460000005553,2
1,random_orientation,16,8,10,1.5,0.35,proxy,35,0,0,36,53.790255954830606,0.08006960121476105,0,32,0.000573938000002272,2
1,generic_oed,16,8,10,1.5,0.35,proxy,35,0,1,36,45.95249607668949,0.34287779456415773,2800,12,0.018933595999996555,2
1,oarl_no_stability,16,8,10,1.5,0.35,proxy,35,0,0,36,18.484609209864004,0.04163114090391643,2800,10,0.01925448000000074,2
1,full_oarl,16,8,10,1.5,0.35,proxy,35,0,0,36,14.112425114027266,0.11941750930050489,2800,2,0.019653578999999866,2
1,oracle,16,8,10,1.5,0.35,proxy,35,0,0,36,15.480158117280416,0.1644069187244748,2800,3,0.028587100999999393,2
2,passive,16,8,10,1.5,0.35,proxy,35,0,0,36,20.8077599054144,0.0625,0,0,0.0005136079999985554,5
2,fixed_oed,16,8,10,1.5,0.35,proxy,35,0,0,36,17.237363740593786,0.0625,350,0,0.0028312399999990134,5
2,random_orientation,16,8,10,1.5,0.35,proxy,35,0,0,36,53.86129174602967,0.209786456164537,0,31,0.0005773729999987154,5
2,generic_oed,16,8,10,1.5,0.35,proxy,35,0,1,36,22.347932816249525,0.9447441949167169,2800,9,0.018877293999999267,5
2,oarl_no_stability,16,8,10,1.5,0.35,proxy,35,0,1,36,18.01168500327483,0.8358007642496393,2800,4,0.01905589700000121,5
2,full_oarl,16,8,10,1.5,0.35,proxy,35,0,0,36,15.81139003269333,0.16098574384536357,2800,1,0.019670443999999065,5
2,oracle,16,8,10,1.5,0.35,proxy,35,0,1,36,26.57457097616728,0.8940246937576625,2800,6,0.02843703799999986,5
3,passive,16,8,10,1.5,0.35,proxy,35,0,0,36,17.177779909646752,0.0625,0,0,0.0005137289999979089,12
3,fixed_oed,16,8,10,1.5,0.35,proxy,35,0,0,36,16.201348587499936,0.0625,350,0,0.0027892489999956638,12
3,random_orientation,16,8,10,1.5,0.35,proxy,35,0,0,36,35.89282633889545,0.34489398546534183,0,29,0.0006032300000029522,12
3,generic_oed,16,8,10,1.5,0.35,proxy,35,0,0,36,32.49443371165422,0.07320383767678226,2800,18,0.018846877999997957,12
3,oarl_no_stability,16,8,10,1.5,0.35,proxy,35,0,0,36,22.90036406403118,0.30372877547904115,2800,8,0.019047243999999353,12
3,full_oarl,16,8,10,1.5,0.35,proxy,35,0,0,36,13.810551211787214,0.1853866158744292,2800,4,0.019697956000001682,12
3,oracle,16,8,10,1.5,0.35,proxy,35,0,1,36,17.74144472029087,0.3783010920952461,2800,5,0.028291353000000186,12
4,passive,16,8,10,1.5,0.35,proxy,35,0,0,36,21.005494647620424,0.0625,0,0,0.0005159509999970169,4
4,fixed_oed,16,8,10,1.5,0.35,proxy,35,0,0,36,18.278014872455802,0.0625,350,0,0.002875125999999284,4
4,random_orientation,16,8,10,1.5,0.35,proxy,35,0,1,36,45.29447424616753,0.6317671421537547,0,32,0.0005732260000002043,4
4,generic_oed,16,8,10,1.5,0.35,proxy,35,0,0,36,35.47957514567243,0.4568215259516762,2800,7,0.018819608000001153,4
4,oarl_no_stability,16,8,10,1.5,0.35,proxy,35,0,0,36,19.491209939020912,0.07662945910862284,2800,5,0.019246256000002404,4
4,full_oarl,16,8,10,1.5,0.35,proxy,35,0,0,36,16.09803775489428,0.0020859108230687454,2800,1,0.029018407999998885,4
4,oracle,16,8,10,1.5,0.35,proxy,35,0,1,36,19.79031238290679,0.4018487586275685,2800,3,0.028184676000002185,4
5,passive,16,8,10,1.5,0.35,proxy,35,0,0,36,30.41255216371629,0.0625,0,0,0.0005347600000007446,11
5,fixed_oed,16,8,10,1.5,0.35,proxy,35,0,0,36,25.615181245105966,0.0625,350,0,0.002824869999997759,11
5,random_orientation,16,8,10,1.5,0.35,proxy,35,0,0,36,41.61067072525114,0.1226887831851255,0,32,0.0005862150000055522,11
5,generic_oed,16,8,10,1.5,0.35,proxy,35,1,1,24,33.920256093980825,0.9648934780314754,1920,7,0.012899341999997205,11
5,oarl_no_stability,16,8,10,1.5,0.35,proxy,35,0,1,36,14.50531609283498,0.9174799037667248,2800,5,0.019343965999993884,11
5,full_oarl,16,8,10,1.5,0.35,proxy,35,0,0,36,15.641773425299597,0.02705957610361627,2800,1,0.019744858000002807,11
5,oracle,16,8,10,1.5,0.35,proxy,35,1,1,13,14.551371040661499,0.960808145124199,1040,4,0.010617844999998738,11
6,passive,16,8,10,1.5,0.35,proxy,35,0,0,36,28.048524986231282,0.0625,0,0,0.0005416589999995836,4
6,fixed_oed,16,8,10,1.5,0.35,proxy,35,0,0,36,20.83183252185793,0.0625,350,0,0.0027925220000000195,4
6,random_orientation,16,8,10,1.5,0.35,proxy,35,0,1,36,38.48863370967059,0.5930951178293211,0,30,0.0005462959999960049,4
6,generic_oed,16,8,10,1.5,0.35,proxy,35,0,1,36,43.236398622595075,0.49090630470934205,2800,15,0.018912329000002615,4
6,oarl_no_stability,16,8,10,1.5,0.35,proxy,35,0,0,36,15.18140333868946,0.41962678941452497,2800,6,0.019930060999996613,4
6,full_oarl,16,8,10,1.5,0.35,proxy,35,0,1,36,18.499833303073377,0.3010679921950432,2800,2,0.022614894000000163,4
6,oracle,16,8,10,1.5,0.35,proxy,35,0,1,36,24.832478022570484,0.580493422208122,2800,10,0.028431781999998407,4
7,passive,16,8,10,1.5,0.35,proxy,35,0,0,36,62.588540787326195,0.0625,0,0,0.000534719000000905,1
7,fixed_oed,16,8,10,1.5,0.35,proxy,35,0,0,36,38.76396391243376,0.0625,350,0,0.0028338640000029613,1
7,random_orientation,16,8,10,1.5,0.35,proxy,35,0,0,36,36.841746142953255,0.10266755193690141,0,30,0.0005939670000003616,1
7,generic_oed,16,8,10,1.5,0.35,proxy,35,1,1,13,12.22165395207201,0.9522802732255753,1040,1,0.007037489000005337,1
7,oarl_no_stability,16,8,10,1.5,0.35,proxy,35,1,1,21,16.74843564858001,0.9714603746800635,1680,6,0.011679901999997355,1
7,full_oarl,16,8,10,1.5,0.35,proxy,35,0,0,36,20.57487138913007,0.21520004387654001,2800,1,0.019691268999999068,1
7,oracle,16,8,10,1.5,0.35,proxy,35,1,1,11,9.717862041144759,0.9808771940402453,880,2,0.008981308999999271,1
