seed,n_mechanisms,base_noise,perturbation_scale,fixed_oed,full_oarl,generic_oed,oarl_no_stability,oracle,passive,random_orientation,relative_cost_reduction
0,8,0.75,0.0,61.73845141781228,14.249310763519972,1.198908354980727,1.198908354980727,1.198908354980727,47.40923864907556,27.85049649413827,-10.885237686702949
0,8,0.75,0.35,61.73845141781228,1.7641825227303207,1.198908354980727,1.7641825227303207,1.7641825227303207,44.267592700211566,66.90992994816663,-0.47149072354131766
0,8,1.5,0.0,61.73845141781228,15.080411882845361,6.049214107497448,3.8567259477649714,4.093639213210235,47.40923864907556,51.21760981846799,-1.4929538969623455
0,8,1.5,0.35,61.73845141781228,16.163414654919343,3.031450897192587,4.658913380959828,2.3294566904799145,44.267592700211566,66.90992994816663,-4.331907130637745
0,16,0.75,0.0,23.52299151738598,19.068379603090253,7.798715829963059,5.4483322778857595,18.193528412042767,25.917108842941417,57.10023186608237,-1.445066600558592
0,16,0.75,0.35,23.52299151738598,18.79208424017078,10.403318456230334,16.792557528264766,7.557820891462143,24.30040509436851,46.204530602443775,-0.8063548010410646
0,16,1.5,0.0,23.52299151738598,19.578776270048614,52.753067686261915,22.072933989065916,21.828020817225248,25.917108842941417,57.10023186608237,0.6288599482689919
0,16,1.5,0.35,23.52299151738598,18.92484301904839,47.00376571133347,22.66712923204551,21.70706685359646,24.30040509436851,57.82727623754049,0.5973760243961632
1,8,0.75,0.0,30.604168810350437,7.141147596769925,1.4547862743114124,1.4547862743114124,2.170809929711873,28.218138844506473,6.543534113911796,-3.908726266440762
1,8,0.75,0.35,30.604168810350437,2.3719226446729182,2.3719226446729182,2.3719226446729182,2.170809929711873,29.128851783549756,2.987096314721522,0.0
1,8,1.5,0.0,30.604168810350437,23.33351711173579,4.20619538539593,4.20619538539593,4.005082670434885,28.218138844506473,16.842523209189032,-4.547416364144815
1,8,1.5,0.35,30.604168810350437,20.5785698822213,5.1233317557574365,6.040468126118943,4.922219040796391,29.128851783549756,8.877156593673483,-3.0166381689211827
1,16,0.75,0.0,30.748129298907937,18.613579186668144,41.22923786890322,19.23912766889327,16.483640347346594,34.35514590062807,48.60982181270167,0.548534483080822
1,16,0.75,0.35,30.748129298907937,15.109017542830149,35.42135870753459,18.635851232062866,52.45715370804797,32.87247861254806,53.790255954830606,0.573448955824039
1,16,1.5,0.0,30.748129298907937,15.128868948771224,55.31490299529295,19.901750878385588,15.480158117280416,34.35514590062807,48.60982181270167,0.7264956073400577
1,16,1.5,0.35,30.748129298907937,14.112425114027266,45.95249607668949,18.484609209864004,15.480158117280416,32.87247861254806,53.790255954830606,0.6928910000780973
2,8,0.75,0.0,115.58901824523075,24.846301233730458,8.085782835273658,6.936620109987565,10.77457404850704,57.09828554164256,15.89382011965701,-2.0728380590856608
2,8,0.75,0.35,115.58901824523075,25.276341255075227,7.295578237442733,3.648684821323191,8.227532973129167,56.1129208859149,21.222922699149866,-2.4646110880355883
2,8,1.5,0.0,115.58901824523075,23.877707294972268,19.691305960080374,15.133768510514354,33.37808089017068,57.09828554164256,80.82883900881389,-0.21260150765921096
2,8,1.5,0.35,115.58901824523075,23.738969550753335,18.90110136224945,10.673515312254512,22.859909107710493,56.1129208859149,71.45186760531121,-0.2559569464119378
2,16,0.75,0.0,17.237363740593786,17.314532927698814,9.50885195019083,11.217893192958245,7.5362380691866395,20.955434659984817,37.835581627642135,-0.8208857408229321
2,16,0.75,0.35,17.237363740593786,17.660628502301694,8.22557181740989,15.95877762539935,11.390821014601672,20.8077599054144,53.86129174602967,-1.1470396094435613
2,16,1.5,0.0,17.237363740593786,16.612494890822525,22.081568931086373,23.229453548170426,19.24901654486351,20.955434659984817,58.937839961516154,0.24767597163644023
2,16,1.5,0.35,17.237363740593786,15.81139003269333,22.347932816249525,18.01168500327483,26.57457097616728,20.8077599054144,53.86129174602967,0.29248981717017575
3,8,0.75,0.0,33.256036692861734,20.63436552562477,9.607061456495263,4.931795399014149,7.653825909601805,27.944969348996484,25.422929772665054,-1.147833197389825
3,8,0.75,0.35,33.256036692861734,20.267924418285073,16.121634250856,14.685332546855072,11.677922630804607,26.31282822882048,35.1227979728689,-0.2571879564386544
3,8,1.5,0.0,33.256036692861734,19.164724907913318,35.45305081301716,25.22945693714161,13.010851124921665,27.944969348996484,38.01387620756742,0.45943368854235017
3,8,1.5,0.35,33.256036692861734,19.164724907913318,62.749761177513314,19.246872558217085,30.671661424975863,26.31282822882048,42.18209183342596,0.6945848948540526
3,16,0.75,0.0,16.201348587499936,14.36588934104613,22.993001009111488,20.05132803633984,17.761686230004457,16.393554364938588,32.11697941326679,0.3752059883199533
3,16,0.75,0.35,16.201348587499936,13.810551211787214,31.177514540977317,27.3566250449826,20.46224896215061,17.177779909646752,35.89282633889545,0.5570348882802799
3,16,1.5,0.0,16.201348587499936,14.36588934104613,31.364499927397404,29.811826979246263,15.996337781212828,16.393554364938588,32.11697941326679,0.5419697628114488
3,16,1.5,0.35,16.201348587499936,13.810551211787214,32.49443371165422,22.90036406403118,17.74144472029087,17.177779909646752,35.89282633889545,0.5749871705924199
4,8,0.75,0.0,72.15938800970312,31.263947153560114,3.7665931392029828,7.858802698816772,4.466849769172716,58.58484958223396,11.563922303435623,-7.300324988160419
4,8,0.75,0.35,72.15938800970312,31.58200100080241,4.466849769172716,6.0613872763911845,2.6648664607578043,54.66736317899713,38.73045527713934,-6.070307405178654
4,8,1.5,0.0,72.15938800970312,31.162290131382072,18.099482272324686,11.250428364056297,20.428837211953994,58.58484958223396,40.36093419701848,-0.7217227356293661
4,8,1.5,0.35,72.15938800970312,31.605505986913723,20.357489006361853,10.017758783758822,19.752583650320386,54.66736317899713,42.11742667768951,-0.5525247724332205
4,16,0.75,0.0,18.278014872455802,16.79994562775489,19.225805549069847,18.308986525747542,15.399921229350666,21.429390354050703,49.59885244513218,0.1261772837098272
4,16,0.75,0.35,18.278014872455802,17.62548095558608,23.912046550098374,28.40545733648082,15.043485120031121,21.005494647620424,45.29447424616753,0.2629037034258546
4,16,1.5,0.0,18.278014872455802,14.848815894019294,35.753715320033464,18.308986525747542,18.742085864836646,21.429390354050703,49.59885244513218,0.5846916673943747
4,16,1.5,0.35,18.278014872455802,16.09803775489428,35.47957514567243,19.491209939020912,19.79031238290679,21.005494647620424,45.29447424616753,0.5462730968790134
5,8,0.75,0.0,31.670155545743707,3.6377619117212294,8.677060780141652,3.6377619117212294,5.60664556495659,35.9852741329849,34.5763257104046,0.580761042950555
5,8,0.75,0.35,31.670155545743707,6.3216927869013375,8.052444736462512,1.6943890397930392,4.331916381974924,33.38549710517446,44.465444886492186,0.21493496772776416
5,8,1.5,0.0,31.670155545743707,22.17136978206124,22.005858186218347,5.7282524681760245,15.145376189971143,35.9852741329849,38.60887212968615,-0.007521251588658739
5,8,1.5,0.35,31.670155545743707,22.368546004722894,27.79444401018658,4.8658113107788425,10.51505997217412,33.38549710517446,44.465444886492186,0.19521520212727086
5,16,0.75,0.0,25.615181245105966,19.786134719778488,5.68317947660423,6.997266670438489,8.3924639482742,31.40911915427812,17.990470509813086,-2.4815255793401314
5,16,0.75,0.35,25.615181245105966,17.282183895627007,17.9632843324507,12.264175793334726,10.626020804161096,30.41255216371629,27.703017776562763,0.03791625318724624
5,16,1.5,0.0,25.615181245105966,15.779692457451025,14.907403177839333,16.934058567224376,18.080363345501702,31.40911915427812,35.29812849966187,-0.058513831631547865
5,16,1.5,0.35,25.615181245105966,15.641773425299597,33.920256093980825,14.50531609283498,14.551371040661499,30.41255216371629,41.61067072525114,0.5388662932861747
6,8,0.75,0.0,36.29874277658159,4.267699915935282,2.6030012420897224,5.388485298967633,6.429576301165709,42.07490431876934,6.806500994719364,-0.6395304953865939
6,8,0.75,0.35,36.29874277658159,29.42222652241965,4.367130807469998,2.9924804031327907,7.942058997855117,40.83543528930649,37.176744535273016,-5.737198361929711
6,8,1.5,0.0,36.29874277658159,30.739693110963398,9.861234396454634,13.02419159586665,13.121822561551882,42.07490431876934,29.345948283006127,-2.1172256814030406
6,8,1.5,0.35,36.29874277658159,31.293073485378063,9.471727426956555,11.32034624828312,14.958200470501144,40.83543528930649,42.07773231526473,-2.3038401629166305
6,16,0.75,0.0,20.83183252185793,18.56667517500524,19.039460193086963,7.616490153095571,9.327524494303258,26.878285505348657,41.39874659598808,0.024831849920481795
6,16,0.75,0.35,20.83183252185793,18.766742389396665,25.34965322043282,4.785458085906474,8.197465073218487,28.048524986231282,38.48863370967059,0.2596844530295219
6,16,1.5,0.0,20.83183252185793,18.589108599450583,42.01629167746406,13.925557097184603,21.40545299240338,26.878285505348657,41.39874659598808,0.5575737920388373
6,16,1.5,0.35,20.83183252185793,18.499833303073377,43.236398622595075,15.18140333868946,24.832478022570484,28.048524986231282,38.48863370967059,0.572123629801917
7,8,0.75,0.0,50.849148028269944,27.057753600992857,5.537525233303345,3.342798145689874,5.537525233303345,48.492537143215635,6.771393354827867,-3.886253779624201
7,8,0.75,0.35,50.849148028269944,5.239915177276149,5.08608931582067,1.8971170315862746,5.537525233303345,45.70608146032505,3.044489464912075,-0.03024442787054323
7,8,1.5,0.0,50.849148028269944,26.068788334410474,17.57559464663101,24.661989209241373,14.806832029979336,48.492537143215635,35.13779313987978,-0.4832379136262958
7,8,1.5,0.35,50.849148028269944,27.071962017002246,10.163250145670494,14.505043029605687,14.806832029979336,45.70608146032505,36.68530422806759,-1.663711079524575
7,16,0.75,0.0,38.76396391243376,4.391905403205168,6.690119111012054,7.054883722174964,6.915708336941501,56.66343592471422,34.45469008839089,0.34352358600372085
7,16,0.75,0.35,38.76396391243376,13.45443520505183,4.2327189951626245,25.44825712869559,4.391905403205168,62.588540787326195,36.841746142953255,-2.178674327407104
7,16,1.5,0.0,38.76396391243376,20.57487138913007,14.884632271041806,28.502816396941732,7.942543161831562,56.66343592471422,36.386496253264816,-0.3822895328867935
7,16,1.5,0.35,38.76396391243376,20.57487138913007,12.22165395207201,16.74843564858001,9.717862041144759,62.588540787326195,36.841746142953255,-0.6834768411718848
