seed,policy,regime,n_mechanisms,n_orientations,n_interventions,base_noise,perturbation_scale,lambda_stability,gamma_cost,ig_mode,budget,success_95,correct_argmax,n95,c95,total_cost,penalized_c95,posterior_true,score_evals,orientation_switches,runtime_s,true_h
0,generic_oed,standard,12,8,10,1.0,0.0,0.15,0.05,proxy,35,1,1,24,28.07789610283035,28.07789610283035,28.07789610283035,0.9794007127681449,1920,13,0.0010479459997441154,8
1,generic_oed,standard,12,8,10,1.0,0.0,0.15,0.05,proxy,35,1,1,12,7.555985223658943,7.555985223658943,7.555985223658943,0.9551356115019449,960,4,0.00040072599995255587,1
2,generic_oed,standard,12,8,10,1.0,0.0,0.15,0.05,proxy,35,1,1,8,6.000870749567136,6.000870749567136,6.000870749567136,0.9745573411623779,640,4,0.00027735000003303867,7
3,generic_oed,standard,12,8,10,1.0,0.0,0.15,0.05,proxy,35,1,1,4,5.161535715614017,5.161535715614017,5.161535715614017,0.976728676834444,320,2,0.00014994699995440897,10
4,generic_oed,standard,12,8,10,1.0,0.0,0.15,0.05,proxy,35,1,1,4,3.372066542243132,3.372066542243132,3.372066542243132,0.9862545115075667,320,3,0.00014492899981632945,3
5,generic_oed,standard,12,8,10,1.0,0.0,0.15,0.05,proxy,35,1,1,7,6.41151554868576,6.41151554868576,6.41151554868576,0.9632020901405066,560,5,0.00025881200008370797,9
6,generic_oed,standard,12,8,10,1.0,0.0,0.15,0.05,proxy,35,1,1,19,32.25663241533271,32.25663241533271,32.25663241533271,0.9700526809894274,1520,7,0.0006121760002315568,1
7,generic_oed,standard,12,8,10,1.0,0.0,0.15,0.05,proxy,35,1,1,14,25.697281046317137,25.697281046317137,25.697281046317137,0.9774227036193096,1120,8,0.0004513730000326177,10
8,generic_oed,standard,12,8,10,1.0,0.0,0.15,0.05,proxy,35,1,1,5,5.929307096357491,5.929307096357491,5.929307096357491,0.9617835890387328,400,3,0.0002087359998768079,8
9,generic_oed,standard,12,8,10,1.0,0.0,0.15,0.05,proxy,35,1,1,24,26.61024868051261,26.61024868051261,26.61024868051261,0.9633676390042032,1920,11,0.0008447780001006322,10
10,generic_oed,standard,12,8,10,1.0,0.0,0.15,0.05,proxy,35,1,1,8,7.959684056333731,7.959684056333731,7.959684056333731,0.9754369082395091,640,6,0.0002687659998628078,8
11,generic_oed,standard,12,8,10,1.0,0.0,0.15,0.05,proxy,35,1,1,10,13.481309582545839,13.481309582545839,13.481309582545839,0.9563760423347547,800,6,0.00031788099977347883,0
12,generic_oed,standard,12,8,10,1.0,0.0,0.15,0.05,proxy,35,1,1,7,9.756132481992863,9.756132481992863,9.756132481992863,0.9532496555139895,560,5,0.00025667899990367005,0
13,generic_oed,standard,12,8,10,1.0,0.0,0.15,0.05,proxy,35,1,1,13,17.95468463249676,17.95468463249676,17.95468463249676,0.9699199174224985,1040,6,0.0006887720001031994,6
14,generic_oed,standard,12,8,10,1.0,0.0,0.15,0.05,proxy,35,1,1,28,25.876278965450084,25.876278965450084,25.876278965450084,0.9788721048093443,2240,13,0.0009056300000338524,1
15,generic_oed,standard,12,8,10,1.0,0.0,0.15,0.05,proxy,35,1,1,6,10.857892949256325,10.857892949256325,10.857892949256325,0.9840490749347425,480,4,0.0002428570001029584,11
16,generic_oed,standard,12,8,10,1.0,0.0,0.15,0.05,proxy,35,1,1,8,19.763908561710444,19.763908561710444,19.763908561710444,0.9792978950619364,640,4,0.00025465500038990285,1
17,generic_oed,standard,12,8,10,1.0,0.0,0.15,0.05,proxy,35,1,1,4,2.8464070401870805,2.8464070401870805,2.8464070401870805,0.9905630107323277,320,3,0.0001515989997642464,3
18,generic_oed,standard,12,8,10,1.0,0.0,0.15,0.05,proxy,35,1,1,35,60.83554735179821,60.83554735179821,60.83554735179821,0.9677881908780351,2800,18,0.001047385000219947,7
19,generic_oed,standard,12,8,10,1.0,0.0,0.15,0.05,proxy,35,1,1,20,13.784889243101182,13.784889243101182,13.784889243101182,0.9544596564192316,1600,8,0.0006845460002296022,2
20,generic_oed,standard,12,8,10,1.0,0.0,0.15,0.05,proxy,35,1,1,11,6.684163077536069,6.684163077536069,6.684163077536069,0.9537260353022324,880,6,0.00036655499980042805,5
21,generic_oed,standard,12,8,10,1.0,0.0,0.15,0.05,proxy,35,1,1,29,38.53884484398839,38.53884484398839,38.53884484398839,0.9518811849148486,2320,13,0.0008788199997979973,2
22,generic_oed,standard,12,8,10,1.0,0.0,0.15,0.05,proxy,35,1,1,19,14.6508996454995,14.6508996454995,14.6508996454995,0.9650990655594737,1520,4,0.0005930480001552496,7
23,generic_oed,standard,12,8,10,1.0,0.0,0.15,0.05,proxy,35,1,1,24,31.18132173277343,31.18132173277343,31.18132173277343,0.9591063512838234,1920,16,0.0007309560000976489,2
0,generic_oed,standard,12,8,10,1.0,0.35,0.15,0.05,proxy,35,1,1,14,16.092930089408306,16.092930089408306,16.092930089408306,0.9560181768614322,1120,9,0.00046279000025606365,8
1,generic_oed,standard,12,8,10,1.0,0.35,0.15,0.05,proxy,35,1,1,20,12.439098059804605,12.439098059804605,12.439098059804605,0.9648996890976738,1600,4,0.000636743000086426,1
2,generic_oed,standard,12,8,10,1.0,0.35,0.15,0.05,proxy,35,1,1,23,17.672729211869324,17.672729211869324,17.672729211869324,0.9754444730962685,1840,8,0.0006928879997758486,7
3,generic_oed,standard,12,8,10,1.0,0.35,0.15,0.05,proxy,35,1,1,10,10.019941324292882,10.019941324292882,10.019941324292882,0.9588632788863936,800,4,0.00031717900037619984,10
4,generic_oed,standard,12,8,10,1.0,0.35,0.15,0.05,proxy,35,1,1,4,3.7042967432451652,3.7042967432451652,3.7042967432451652,0.9990917586339472,320,2,0.0001428559999112622,3
5,generic_oed,standard,12,8,10,1.0,0.35,0.15,0.05,proxy,35,1,1,4,2.97171180277934,2.97171180277934,2.97171180277934,0.9522118413486322,320,1,0.00016957600018940866,9
6,generic_oed,standard,12,8,10,1.0,0.35,0.15,0.05,proxy,35,1,1,26,44.25687200341445,44.25687200341445,44.25687200341445,0.9681604623441523,2080,6,0.000846099999762373,1
7,generic_oed,standard,12,8,10,1.0,0.35,0.15,0.05,proxy,35,1,1,11,20.680496595495832,20.680496595495832,20.680496595495832,0.9556034073070427,880,5,0.0003503600000840379,10
8,generic_oed,standard,12,8,10,1.0,0.35,0.15,0.05,proxy,35,1,1,5,5.6748715445996485,5.6748715445996485,5.6748715445996485,0.9864505998880456,400,4,0.00021538600003623287,8
9,generic_oed,standard,12,8,10,1.0,0.35,0.15,0.05,proxy,35,1,1,25,27.90834226054552,27.90834226054552,27.90834226054552,0.9691669085029553,2000,13,0.0007903259997874557,10
10,generic_oed,standard,12,8,10,1.0,0.35,0.15,0.05,proxy,35,1,1,8,6.857840325178369,6.857840325178369,6.857840325178369,0.9655086994541329,640,4,0.00026015299999926356,8
11,generic_oed,standard,12,8,10,1.0,0.35,0.15,0.05,proxy,35,1,1,9,11.297157211550415,11.297157211550415,11.297157211550415,0.9589208757334113,720,4,0.000392023000131303,0
12,generic_oed,standard,12,8,10,1.0,0.35,0.15,0.05,proxy,35,1,1,10,11.803713920758076,11.803713920758076,11.803713920758076,0.9766424183979073,800,5,0.0003384520000508928,0
13,generic_oed,standard,12,8,10,1.0,0.35,0.15,0.05,proxy,35,1,1,13,16.05811238959879,16.05811238959879,16.05811238959879,0.9721721218971746,1040,9,0.0004426700002113648,6
14,generic_oed,standard,12,8,10,1.0,0.35,0.15,0.05,proxy,35,1,1,31,24.110069602331368,24.110069602331368,24.110069602331368,0.9757673918171925,2480,14,0.0009604930000932654,1
15,generic_oed,standard,12,8,10,1.0,0.35,0.15,0.05,proxy,35,1,1,19,23.715551947212905,23.715551947212905,23.715551947212905,0.9680163416036852,1520,10,0.0006168730001263611,11
16,generic_oed,standard,12,8,10,1.0,0.35,0.15,0.05,proxy,35,1,1,8,14.93838011453066,14.93838011453066,14.93838011453066,0.974486486330417,640,4,0.0002894079998441157,1
17,generic_oed,standard,12,8,10,1.0,0.35,0.15,0.05,proxy,35,1,1,3,2.4307382351935836,2.4307382351935836,2.4307382351935836,0.9765042967648563,240,2,0.00011113800019302289,3
18,generic_oed,standard,12,8,10,1.0,0.35,0.15,0.05,proxy,35,1,1,18,28.188321731164333,28.188321731164333,28.188321731164333,0.951792873876069,1440,7,0.00055099400015024,7
19,generic_oed,standard,12,8,10,1.0,0.35,0.15,0.05,proxy,35,0,0,36,,61.2284341965335,96.2284341965335,0.17356772265776424,2800,9,0.001057579999724112,2
20,generic_oed,standard,12,8,10,1.0,0.35,0.15,0.05,proxy,35,1,1,15,9.704456598555304,9.704456598555304,9.704456598555304,0.9773596560150803,1200,10,0.0004640420002033352,5
21,generic_oed,standard,12,8,10,1.0,0.35,0.15,0.05,proxy,35,0,0,36,,29.576842107767376,64.57684210776738,0.01425110939770036,2800,10,0.0010771490001388884,2
22,generic_oed,standard,12,8,10,1.0,0.35,0.15,0.05,proxy,35,1,1,14,10.898078213804379,10.898078213804379,10.898078213804379,0.9786071747310391,1120,2,0.0004648230001293996,7
23,generic_oed,standard,12,8,10,1.0,0.35,0.15,0.05,proxy,35,1,1,16,25.583667641126034,25.583667641126034,25.583667641126034,0.9555386728275522,1280,8,0.000515719999839348,2
0,generic_oed,no_orientation_value,12,8,10,1.0,0.0,0.15,0.05,proxy,35,0,1,36,,35.0,70.0,0.8777860064269845,2800,0,0.0012126040001021465,8
1,generic_oed,no_orientation_value,12,8,10,1.0,0.0,0.15,0.05,proxy,35,0,1,36,,35.0,70.0,0.6373475776031953,2800,0,0.0010533329996178509,1
2,generic_oed,no_orientation_value,12,8,10,1.0,0.0,0.15,0.05,proxy,35,1,1,8,8.0,8.0,8.0,0.9563330522586718,640,0,0.00031271299985746737,7
3,generic_oed,no_orientation_value,12,8,10,1.0,0.0,0.15,0.05,proxy,35,0,0,36,,35.0,70.0,0.10495936104620482,2800,0,0.0012057940002705436,10
4,generic_oed,no_orientation_value,12,8,10,1.0,0.0,0.15,0.05,proxy,35,1,1,15,15.0,15.0,15.0,0.9707727209235929,1200,0,0.0004785740002262173,3
5,generic_oed,no_orientation_value,12,8,10,1.0,0.0,0.15,0.05,proxy,35,0,1,36,,35.0,70.0,0.7102967360826707,2800,0,0.0010609249998196901,9
6,generic_oed,no_orientation_value,12,8,10,1.0,0.0,0.15,0.05,proxy,35,1,1,13,13.0,13.0,13.0,0.9718898745093494,1040,0,0.0003978320000896929,1
7,generic_oed,no_orientation_value,12,8,10,1.0,0.0,0.15,0.05,proxy,35,0,1,36,,35.0,70.0,0.9079610668409096,2800,0,0.0010270239999954356,10
8,generic_oed,no_orientation_value,12,8,10,1.0,0.0,0.15,0.05,proxy,35,0,0,36,,35.0,70.0,0.16747039046550474,2800,0,0.0010654019997673458,8
9,generic_oed,no_orientation_value,12,8,10,1.0,0.0,0.15,0.05,proxy,35,0,0,36,,35.0,70.0,0.3929630519698309,2800,0,0.00103129999979501,10
10,generic_oed,no_orientation_value,12,8,10,1.0,0.0,0.15,0.05,proxy,35,1,1,13,13.0,13.0,13.0,0.9812272570907278,1040,0,0.000393766000343021,8
11,generic_oed,no_orientation_value,12,8,10,1.0,0.0,0.15,0.05,proxy,35,0,1,36,,35.0,70.0,0.6755097361676564,2800,0,0.001036196999848471,0
12,generic_oed,no_orientation_value,12,8,10,1.0,0.0,0.15,0.05,proxy,35,0,0,36,,35.0,70.0,0.412169917501621,2800,0,0.0010263829999530572,0
13,generic_oed,no_orientation_value,12,8,10,1.0,0.0,0.15,0.05,proxy,35,1,1,32,32.0,32.0,32.0,0.9631213566895839,2560,0,0.0009914199999911943,6
14,generic_oed,no_orientation_value,12,8,10,1.0,0.0,0.15,0.05,proxy,35,0,0,36,,35.0,70.0,0.108701993386842,2800,0,0.0010274740002387261,1
15,generic_oed,no_orientation_value,12,8,10,1.0,0.0,0.15,0.05,proxy,35,1,1,31,31.0,31.0,31.0,0.9668628920948001,2480,0,0.0009165369997390371,11
16,generic_oed,no_orientation_value,12,8,10,1.0,0.0,0.15,0.05,proxy,35,0,1,36,,35.0,70.0,0.9206971200977462,2800,0,0.0010319809998691198,1
17,generic_oed,no_orientation_value,12,8,10,1.0,0.0,0.15,0.05,proxy,35,1,1,18,18.0,18.0,18.0,0.9592566433460524,1440,0,0.0005610789999082044,3
18,generic_oed,no_orientation_value,12,8,10,1.0,0.0,0.15,0.05,proxy,35,0,0,36,,35.0,70.0,0.08350610030533781,2800,0,0.001026813999942533,7
19,generic_oed,no_orientation_value,12,8,10,1.0,0.0,0.15,0.05,proxy,35,0,0,36,,35.0,70.0,0.06295902094800175,2800,0,0.0010703789998842694,2
20,generic_oed,no_orientation_value,12,8,10,1.0,0.0,0.15,0.05,proxy,35,0,0,36,,35.0,70.0,0.21580255124027786,2800,0,0.00104822499997681,5
21,generic_oed,no_orientation_value,12,8,10,1.0,0.0,0.15,0.05,proxy,35,0,1,36,,35.0,70.0,0.9210975648907206,2800,0,0.0010408640000605374,2
22,generic_oed,no_orientation_value,12,8,10,1.0,0.0,0.15,0.05,proxy,35,0,1,36,,35.0,70.0,0.7592208885545163,2800,0,0.0010531739999350975,7
23,generic_oed,no_orientation_value,12,8,10,1.0,0.0,0.15,0.05,proxy,35,0,0,36,,35.0,70.0,0.20422848088312642,2800,0,0.0010578600004009786,2
0,generic_oed,informative_unstable,12,8,10,1.0,0.35,0.15,0.05,proxy,35,1,1,12,11.438310610940245,11.438310610940245,11.438310610940245,0.9940043797585468,960,2,0.000411712000186526,8
1,generic_oed,informative_unstable,12,8,10,1.0,0.35,0.15,0.05,proxy,35,1,1,3,2.9421324701108533,2.9421324701108533,2.9421324701108533,0.9999392119578644,240,0,0.00011365199998181197,1
2,generic_oed,informative_unstable,12,8,10,1.0,0.35,0.15,0.05,proxy,35,1,1,2,2.5404818051608316,2.5404818051608316,2.5404818051608316,0.9935784326765437,160,0,8.500800004185294e-05,7
3,generic_oed,informative_unstable,12,8,10,1.0,0.35,0.15,0.05,proxy,35,1,1,6,6.531370612573772,6.531370612573772,6.531370612573772,0.9723731101040353,480,3,0.0002017749998231011,10
4,generic_oed,informative_unstable,12,8,10,1.0,0.35,0.15,0.05,proxy,35,1,1,3,2.4263804816939665,2.4263804816939665,2.4263804816939665,0.9989323005194872,240,2,0.00014521000002787332,3
5,generic_oed,informative_unstable,12,8,10,1.0,0.35,0.15,0.05,proxy,35,1,1,3,2.558523274586872,2.558523274586872,2.558523274586872,0.9753526652390677,240,1,0.0001136720002250513,9
6,generic_oed,informative_unstable,12,8,10,1.0,0.35,0.15,0.05,proxy,35,1,1,2,1.049302027129812,1.049302027129812,1.049302027129812,0.9984985906570352,160,0,8.480799988319632e-05,1
7,generic_oed,informative_unstable,12,8,10,1.0,0.35,0.15,0.05,proxy,35,1,1,3,5.1089998333307065,5.1089998333307065,5.1089998333307065,0.9946544860863761,240,0,0.00011587499966481118,10
8,generic_oed,informative_unstable,12,8,10,1.0,0.35,0.15,0.05,proxy,35,1,1,3,4.2606383031569885,4.2606383031569885,4.2606383031569885,0.9502776590016595,240,2,0.00011166900003445335,8
9,generic_oed,informative_unstable,12,8,10,1.0,0.35,0.15,0.05,proxy,35,1,1,9,8.162953043209422,8.162953043209422,8.162953043209422,0.9705429980763681,720,3,0.0002874150000025111,10
10,generic_oed,informative_unstable,12,8,10,1.0,0.35,0.15,0.05,proxy,35,1,1,1,1.0371263345828297,1.0371263345828297,1.0371263345828297,0.9947263016797806,80,0,5.077699961475446e-05,8
11,generic_oed,informative_unstable,12,8,10,1.0,0.35,0.15,0.05,proxy,35,1,1,7,7.858477301642564,7.858477301642564,7.858477301642564,0.9929869889697162,560,4,0.0006092220000937232,0
12,generic_oed,informative_unstable,12,8,10,1.0,0.35,0.15,0.05,proxy,35,1,1,21,9.94986151665941,9.94986151665941,9.94986151665941,0.9926769702731687,1680,3,0.0006423620002351527,0
13,generic_oed,informative_unstable,12,8,10,1.0,0.35,0.15,0.05,proxy,35,1,1,7,9.758940005083243,9.758940005083243,9.758940005083243,0.9974077332007532,560,0,0.00023515600014434312,6
14,generic_oed,informative_unstable,12,8,10,1.0,0.35,0.15,0.05,proxy,35,1,1,30,23.294261545543684,23.294261545543684,23.294261545543684,0.9866936722858175,2400,11,0.0009594709999873885,1
15,generic_oed,informative_unstable,12,8,10,1.0,0.35,0.15,0.05,proxy,35,1,1,2,2.818815725900171,2.818815725900171,2.818815725900171,0.9999656045329256,160,0,9.34419999794045e-05,11
16,generic_oed,informative_unstable,12,8,10,1.0,0.35,0.15,0.05,proxy,35,1,1,10,17.9293840152881,17.9293840152881,17.9293840152881,0.9998339321597087,800,6,0.00034628399998837267,1
17,generic_oed,informative_unstable,12,8,10,1.0,0.35,0.15,0.05,proxy,35,1,1,2,3.659810867968877,3.659810867968877,3.659810867968877,0.9997508175208855,160,0,9.505299976808601e-05,3
18,generic_oed,informative_unstable,12,8,10,1.0,0.35,0.15,0.05,proxy,35,1,1,19,31.51371602452773,31.51371602452773,31.51371602452773,0.9582669215999899,1520,8,0.0007756730001347023,7
19,generic_oed,informative_unstable,12,8,10,1.0,0.35,0.15,0.05,proxy,35,1,1,28,16.395168156982713,16.395168156982713,16.395168156982713,0.9549081347246281,2240,9,0.0008505370001330448,2
20,generic_oed,informative_unstable,12,8,10,1.0,0.35,0.15,0.05,proxy,35,1,1,27,20.015443443306953,20.015443443306953,20.015443443306953,0.9601328052963505,2160,10,0.0009082340002350975,5
21,generic_oed,informative_unstable,12,8,10,1.0,0.35,0.15,0.05,proxy,35,1,1,6,9.355664128517494,9.355664128517494,9.355664128517494,0.9999469962769957,480,0,0.00020643200014092145,2
22,generic_oed,informative_unstable,12,8,10,1.0,0.35,0.15,0.05,proxy,35,1,1,23,18.94058566077009,18.94058566077009,18.94058566077009,0.983735822278635,1840,1,0.0007182370000009541,7
23,generic_oed,informative_unstable,12,8,10,1.0,0.35,0.15,0.05,proxy,35,1,1,15,24.231208797428515,24.231208797428515,24.231208797428515,0.9539488263105541,1200,9,0.0004652640000131214,2
