seed,policy,regime,n_mechanisms,n_orientations,n_interventions,base_noise,perturbation_scale,lambda_stability,gamma_cost,ig_mode,budget,success_95,correct_argmax,n95,c95,total_cost,penalized_c95,posterior_true,score_evals,orientation_switches,runtime_s,true_h,condition
6000,generic_oed,standard,12,8,10,1.0,0.0,0.0,0.0,quadrature,35,1,1,10,11.035866274719513,11.035866274719513,11.035866274719513,0.9690063935704768,800,4,0.357596335999915,4,standard_clean
6000,full_oarl,standard,12,8,10,1.0,0.0,0.0,0.0,quadrature,35,1,1,10,11.035866274719513,11.035866274719513,11.035866274719513,0.9690063935704768,800,4,0.3567244259998006,4,standard_clean
6001,generic_oed,standard,12,8,10,1.0,0.0,0.0,0.0,quadrature,35,1,1,14,17.175246673781174,17.175246673781174,17.175246673781174,0.9767533340780283,1120,9,0.5084712540001419,2,standard_clean
6001,full_oarl,standard,12,8,10,1.0,0.0,0.0,0.0,quadrature,35,1,1,14,17.175246673781174,17.175246673781174,17.175246673781174,0.9767533340780283,1120,9,0.5158983790001912,2,standard_clean
6002,generic_oed,standard,12,8,10,1.0,0.0,0.0,0.0,quadrature,35,1,1,28,31.89107791455894,31.89107791455894,31.89107791455894,0.9594017596104253,2240,9,1.0109937100000934,6,standard_clean
6002,full_oarl,standard,12,8,10,1.0,0.0,0.0,0.0,quadrature,35,1,1,28,31.89107791455894,31.89107791455894,31.89107791455894,0.9594017596104253,2240,9,1.0068470589999379,6,standard_clean
6003,generic_oed,standard,12,8,10,1.0,0.0,0.0,0.0,quadrature,35,1,1,5,5.548019744735663,5.548019744735663,5.548019744735663,0.9669104840217266,400,4,0.17966422700010298,4,standard_clean
6003,full_oarl,standard,12,8,10,1.0,0.0,0.0,0.0,quadrature,35,1,1,5,5.548019744735663,5.548019744735663,5.548019744735663,0.9669104840217266,400,4,0.18045757799973217,4,standard_clean
6004,generic_oed,standard,12,8,10,1.0,0.0,0.0,0.0,quadrature,35,1,1,2,2.782398079237759,2.782398079237759,2.782398079237759,0.9829053392101396,160,1,0.07262663800020164,0,standard_clean
6004,full_oarl,standard,12,8,10,1.0,0.0,0.0,0.0,quadrature,35,1,1,2,2.782398079237759,2.782398079237759,2.782398079237759,0.9829053392101396,160,1,0.07209025699967242,0,standard_clean
6005,generic_oed,standard,12,8,10,1.0,0.0,0.0,0.0,quadrature,35,1,1,6,4.845101141284012,4.845101141284012,4.845101141284012,0.9663898177826173,480,1,0.2155864350002048,11,standard_clean
6005,full_oarl,standard,12,8,10,1.0,0.0,0.0,0.0,quadrature,35,1,1,6,4.845101141284012,4.845101141284012,4.845101141284012,0.9663898177826173,480,1,0.21722163899994484,11,standard_clean
6006,generic_oed,standard,12,8,10,1.0,0.0,0.0,0.0,quadrature,35,1,1,18,20.886391357097633,20.886391357097633,20.886391357097633,0.9648697695290825,1440,6,0.6408714489998601,11,standard_clean
6006,full_oarl,standard,12,8,10,1.0,0.0,0.0,0.0,quadrature,35,1,1,18,20.886391357097633,20.886391357097633,20.886391357097633,0.9648697695290825,1440,6,0.6442040490001091,11,standard_clean
6007,generic_oed,standard,12,8,10,1.0,0.0,0.0,0.0,quadrature,35,1,1,10,25.87028696562545,25.87028696562545,25.87028696562545,0.9840592139114913,800,7,0.35957172299958984,6,standard_clean
6007,full_oarl,standard,12,8,10,1.0,0.0,0.0,0.0,quadrature,35,1,1,10,25.87028696562545,25.87028696562545,25.87028696562545,0.9840592139114913,800,7,0.35828300399998625,6,standard_clean
6008,generic_oed,standard,12,8,10,1.0,0.0,0.0,0.0,quadrature,35,1,1,2,1.431065030395579,1.431065030395579,1.431065030395579,0.9937050371962515,160,0,0.07308480100027737,11,standard_clean
6008,full_oarl,standard,12,8,10,1.0,0.0,0.0,0.0,quadrature,35,1,1,2,1.431065030395579,1.431065030395579,1.431065030395579,0.9937050371962515,160,0,0.07262509500014858,11,standard_clean
6009,generic_oed,standard,12,8,10,1.0,0.0,0.0,0.0,quadrature,35,1,1,16,16.470759413852186,16.470759413852186,16.470759413852186,0.9636594551347398,1280,9,0.5785023460002776,0,standard_clean
6009,full_oarl,standard,12,8,10,1.0,0.0,0.0,0.0,quadrature,35,1,1,16,16.470759413852186,16.470759413852186,16.470759413852186,0.9636594551347398,1280,9,0.5799133140003505,0,standard_clean
6010,generic_oed,standard,12,8,10,1.0,0.0,0.0,0.0,quadrature,35,1,1,7,14.616618462149162,14.616618462149162,14.616618462149162,0.9819642946339385,560,3,0.2542048850000356,7,standard_clean
6010,full_oarl,standard,12,8,10,1.0,0.0,0.0,0.0,quadrature,35,1,1,7,14.616618462149162,14.616618462149162,14.616618462149162,0.9819642946339385,560,3,0.2564195180002571,7,standard_clean
6011,generic_oed,standard,12,8,10,1.0,0.0,0.0,0.0,quadrature,35,1,1,7,30.454757325609584,30.454757325609584,30.454757325609584,0.9796786560297308,560,3,0.2502197989997512,6,standard_clean
6011,full_oarl,standard,12,8,10,1.0,0.0,0.0,0.0,quadrature,35,1,1,7,30.454757325609584,30.454757325609584,30.454757325609584,0.9796786560297308,560,3,0.24873500200010312,6,standard_clean
6012,generic_oed,standard,12,8,10,1.0,0.0,0.0,0.0,quadrature,35,1,1,10,11.421592815203304,11.421592815203304,11.421592815203304,0.998428546618439,800,5,0.36998691000007966,6,standard_clean
6012,full_oarl,standard,12,8,10,1.0,0.0,0.0,0.0,quadrature,35,1,1,10,11.421592815203304,11.421592815203304,11.421592815203304,0.998428546618439,800,5,0.373470788999839,6,standard_clean
6013,generic_oed,standard,12,8,10,1.0,0.0,0.0,0.0,quadrature,35,1,1,4,4.114772417817507,4.114772417817507,4.114772417817507,0.9910026330744437,320,2,0.14460813699997743,5,standard_clean
6013,full_oarl,standard,12,8,10,1.0,0.0,0.0,0.0,quadrature,35,1,1,4,4.114772417817507,4.114772417817507,4.114772417817507,0.9910026330744437,320,2,0.1451966170002379,5,standard_clean
6014,generic_oed,standard,12,8,10,1.0,0.0,0.0,0.0,quadrature,35,1,1,12,13.196355948517542,13.196355948517542,13.196355948517542,0.9566254096280997,960,9,0.43457553799999005,0,standard_clean
6014,full_oarl,standard,12,8,10,1.0,0.0,0.0,0.0,quadrature,35,1,1,12,13.196355948517542,13.196355948517542,13.196355948517542,0.9566254096280997,960,9,0.4338501920001363,0,standard_clean
6015,generic_oed,standard,12,8,10,1.0,0.0,0.0,0.0,quadrature,35,1,1,29,35.95983686233285,35.95983686233285,35.95983686233285,0.9621583296639723,2320,9,1.0458292530001927,6,standard_clean
6015,full_oarl,standard,12,8,10,1.0,0.0,0.0,0.0,quadrature,35,1,1,29,35.95983686233285,35.95983686233285,35.95983686233285,0.9621583296639723,2320,9,1.0464362819998314,6,standard_clean
6016,generic_oed,standard,12,8,10,1.0,0.0,0.0,0.0,quadrature,35,1,1,3,3.2542003085573032,3.2542003085573032,3.2542003085573032,0.9974184481015685,240,2,0.10893907400031821,7,standard_clean
6016,full_oarl,standard,12,8,10,1.0,0.0,0.0,0.0,quadrature,35,1,1,3,3.2542003085573032,3.2542003085573032,3.2542003085573032,0.9974184481015685,240,2,0.108934355999736,7,standard_clean
6017,generic_oed,standard,12,8,10,1.0,0.0,0.0,0.0,quadrature,35,1,1,19,25.253247849770865,25.253247849770865,25.253247849770865,0.979832090622209,1520,13,0.6886442370000623,0,standard_clean
6017,full_oarl,standard,12,8,10,1.0,0.0,0.0,0.0,quadrature,35,1,1,19,25.253247849770865,25.253247849770865,25.253247849770865,0.979832090622209,1520,13,0.6894993669998257,0,standard_clean
6018,generic_oed,standard,12,8,10,1.0,0.0,0.0,0.0,quadrature,35,1,1,20,14.742293389618373,14.742293389618373,14.742293389618373,0.962603000338669,1600,10,0.7258977550000054,0,standard_clean
6018,full_oarl,standard,12,8,10,1.0,0.0,0.0,0.0,quadrature,35,1,1,20,14.742293389618373,14.742293389618373,14.742293389618373,0.962603000338669,1600,10,0.7249699569997574,0,standard_clean
6019,generic_oed,standard,12,8,10,1.0,0.0,0.0,0.0,quadrature,35,1,1,18,49.855465418425865,49.855465418425865,49.855465418425865,0.9615247302305443,1440,7,0.6554293839999445,0,standard_clean
6019,full_oarl,standard,12,8,10,1.0,0.0,0.0,0.0,quadrature,35,1,1,18,49.855465418425865,49.855465418425865,49.855465418425865,0.9615247302305443,1440,7,0.646495848000086,0,standard_clean
7000,generic_oed,informative_unstable,12,8,10,1.0,0.35,0.0,0.0,quadrature,35,1,1,3,1.9921344935258023,1.9921344935258023,1.9921344935258023,0.9858166559949718,240,0,0.10466279399997802,2,informative_unstable
7000,full_oarl,informative_unstable,12,8,10,1.0,0.35,0.0,0.0,quadrature,35,1,1,3,1.9921344935258023,1.9921344935258023,1.9921344935258023,0.9858166559949718,240,0,0.10492029300030481,2,informative_unstable
7001,generic_oed,informative_unstable,12,8,10,1.0,0.35,0.0,0.0,quadrature,35,1,1,4,3.5556769521448603,3.5556769521448603,3.5556769521448603,0.9975370706989259,320,0,0.13856015500005014,5,informative_unstable
7001,full_oarl,informative_unstable,12,8,10,1.0,0.35,0.0,0.0,quadrature,35,1,1,4,3.5556769521448603,3.5556769521448603,3.5556769521448603,0.9975370706989259,320,0,0.13862601399978303,5,informative_unstable
7002,generic_oed,informative_unstable,12,8,10,1.0,0.35,0.0,0.0,quadrature,35,1,1,10,8.593442928991784,8.593442928991784,8.593442928991784,0.9963328343503781,800,0,0.2751494490003097,6,informative_unstable
7002,full_oarl,informative_unstable,12,8,10,1.0,0.35,0.0,0.0,quadrature,35,1,1,10,8.593442928991784,8.593442928991784,8.593442928991784,0.9963328343503781,800,0,0.2721889399999782,6,informative_unstable
7003,generic_oed,informative_unstable,12,8,10,1.0,0.35,0.0,0.0,quadrature,35,1,1,4,3.819177836028385,3.819177836028385,3.819177836028385,0.9887453569773155,320,2,0.13467438799989395,7,informative_unstable
7003,full_oarl,informative_unstable,12,8,10,1.0,0.35,0.0,0.0,quadrature,35,1,1,4,3.819177836028385,3.819177836028385,3.819177836028385,0.9887453569773155,320,2,0.13423967099970469,7,informative_unstable
7004,generic_oed,informative_unstable,12,8,10,1.0,0.35,0.0,0.0,quadrature,35,1,1,3,9.603779343368453,9.603779343368453,9.603779343368453,0.9999999458640993,240,2,0.1085695140000098,0,informative_unstable
7004,full_oarl,informative_unstable,12,8,10,1.0,0.35,0.0,0.0,quadrature,35,1,1,3,9.603779343368453,9.603779343368453,9.603779343368453,0.9999999458640993,240,2,0.10844004699993093,0,informative_unstable
7005,generic_oed,informative_unstable,12,8,10,1.0,0.35,0.0,0.0,quadrature,35,1,1,8,8.113461771691485,8.113461771691485,8.113461771691485,0.9982615356254354,640,0,0.20702454899992517,7,informative_unstable
7005,full_oarl,informative_unstable,12,8,10,1.0,0.35,0.0,0.0,quadrature,35,1,1,8,8.113461771691485,8.113461771691485,8.113461771691485,0.9982615356254354,640,0,0.20654327099964576,7,informative_unstable
7006,generic_oed,informative_unstable,12,8,10,1.0,0.35,0.0,0.0,quadrature,35,1,1,3,4.099871542540202,4.099871542540202,4.099871542540202,0.98131473829717,240,1,0.09717705200000637,7,informative_unstable
7006,full_oarl,informative_unstable,12,8,10,1.0,0.35,0.0,0.0,quadrature,35,1,1,3,4.099871542540202,4.099871542540202,4.099871542540202,0.98131473829717,240,1,0.09632686600025409,7,informative_unstable
7007,generic_oed,informative_unstable,12,8,10,1.0,0.35,0.0,0.0,quadrature,35,1,1,10,13.124008695005926,13.124008695005926,13.124008695005926,0.9947591040615781,800,4,0.3551273289999699,6,informative_unstable
7007,full_oarl,informative_unstable,12,8,10,1.0,0.35,0.0,0.0,quadrature,35,1,1,10,13.124008695005926,13.124008695005926,13.124008695005926,0.9947591040615781,800,4,0.35832153599994854,6,informative_unstable
7008,generic_oed,informative_unstable,12,8,10,1.0,0.35,0.0,0.0,quadrature,35,0,0,36,,52.647845245989195,87.6478452459892,6.104641042364425e-05,2800,2,1.1184812129999955,3,informative_unstable
7008,full_oarl,informative_unstable,12,8,10,1.0,0.35,0.0,0.0,quadrature,35,0,0,36,,52.647845245989195,87.6478452459892,6.104641042364425e-05,2800,2,1.1209522010003639,3,informative_unstable
7009,generic_oed,informative_unstable,12,8,10,1.0,0.35,0.0,0.0,quadrature,35,1,1,33,35.19518692190836,35.19518692190836,35.19518692190836,0.9999997045285698,2640,14,1.0259801560000597,10,informative_unstable
7009,full_oarl,informative_unstable,12,8,10,1.0,0.35,0.0,0.0,quadrature,35,1,1,33,35.19518692190836,35.19518692190836,35.19518692190836,0.9999997045285698,2640,14,1.0260269669997797,10,informative_unstable
7010,generic_oed,informative_unstable,12,8,10,1.0,0.35,0.0,0.0,quadrature,35,1,1,23,10.242871907307922,10.242871907307922,10.242871907307922,0.994396812744603,1840,8,0.6601309190000393,7,informative_unstable
7010,full_oarl,informative_unstable,12,8,10,1.0,0.35,0.0,0.0,quadrature,35,1,1,23,10.242871907307922,10.242871907307922,10.242871907307922,0.994396812744603,1840,8,0.6593469330000516,7,informative_unstable
7011,generic_oed,informative_unstable,12,8,10,1.0,0.35,0.0,0.0,quadrature,35,1,1,7,9.361704589449316,9.361704589449316,9.361704589449316,0.9938186612288659,560,0,0.23667076199990333,11,informative_unstable
7011,full_oarl,informative_unstable,12,8,10,1.0,0.35,0.0,0.0,quadrature,35,1,1,7,9.361704589449316,9.361704589449316,9.361704589449316,0.9938186612288659,560,0,0.2364012250000087,11,informative_unstable
7012,generic_oed,informative_unstable,12,8,10,1.0,0.35,0.0,0.0,quadrature,35,1,1,15,15.632727309729557,15.632727309729557,15.632727309729557,0.9606667883524022,1200,8,0.5383277620003355,2,informative_unstable
7012,full_oarl,informative_unstable,12,8,10,1.0,0.35,0.0,0.0,quadrature,35,1,1,15,15.632727309729557,15.632727309729557,15.632727309729557,0.9606667883524022,1200,8,0.5381250559998989,2,informative_unstable
7013,generic_oed,informative_unstable,12,8,10,1.0,0.35,0.0,0.0,quadrature,35,1,1,4,6.454353794629782,6.454353794629782,6.454353794629782,0.9797075898976452,320,2,0.14403221899965502,10,informative_unstable
7013,full_oarl,informative_unstable,12,8,10,1.0,0.35,0.0,0.0,quadrature,35,1,1,4,6.454353794629782,6.454353794629782,6.454353794629782,0.9797075898976452,320,2,0.1436146779997216,10,informative_unstable
7014,generic_oed,informative_unstable,12,8,10,1.0,0.35,0.0,0.0,quadrature,35,1,1,3,1.852431164056014,1.852431164056014,1.852431164056014,0.999880670813956,240,2,0.10788856900035171,6,informative_unstable
7014,full_oarl,informative_unstable,12,8,10,1.0,0.35,0.0,0.0,quadrature,35,1,1,3,1.852431164056014,1.852431164056014,1.852431164056014,0.999880670813956,240,2,0.10763574700013123,6,informative_unstable
7015,generic_oed,informative_unstable,12,8,10,1.0,0.35,0.0,0.0,quadrature,35,1,1,5,4.4475959756092385,4.4475959756092385,4.4475959756092385,0.9861809022810651,400,3,0.16984768700012864,0,informative_unstable
7015,full_oarl,informative_unstable,12,8,10,1.0,0.35,0.0,0.0,quadrature,35,1,1,5,4.4475959756092385,4.4475959756092385,4.4475959756092385,0.9861809022810651,400,3,0.1703138329999092,0,informative_unstable
7016,generic_oed,informative_unstable,12,8,10,1.0,0.35,0.0,0.0,quadrature,35,1,1,3,5.671849543158083,5.671849543158083,5.671849543158083,0.995765834635185,240,1,0.08445540599996093,11,informative_unstable
7016,full_oarl,informative_unstable,12,8,10,1.0,0.35,0.0,0.0,quadrature,35,1,1,3,5.671849543158083,5.671849543158083,5.671849543158083,0.995765834635185,240,1,0.08481694299962328,11,informative_unstable
7017,generic_oed,informative_unstable,12,8,10,1.0,0.35,0.0,0.0,quadrature,35,1,1,25,24.482365617625184,24.482365617625184,24.482365617625184,0.9889640650925484,2000,4,0.7734994470001766,8,informative_unstable
7017,full_oarl,informative_unstable,12,8,10,1.0,0.35,0.0,0.0,quadrature,35,1,1,25,24.482365617625184,24.482365617625184,24.482365617625184,0.9889640650925484,2000,4,0.7751644559998567,8,informative_unstable
7018,generic_oed,informative_unstable,12,8,10,1.0,0.35,0.0,0.0,quadrature,35,1,1,27,31.11180297858004,31.11180297858004,31.11180297858004,0.9907960192987815,2160,8,0.9013359900000069,7,informative_unstable
7018,full_oarl,informative_unstable,12,8,10,1.0,0.35,0.0,0.0,quadrature,35,1,1,27,31.11180297858004,31.11180297858004,31.11180297858004,0.9907960192987815,2160,8,0.9245399350002117,7,informative_unstable
7019,generic_oed,informative_unstable,12,8,10,1.0,0.35,0.0,0.0,quadrature,35,1,1,13,11.056624953336085,11.056624953336085,11.056624953336085,0.969283702594745,1040,5,0.41407713900025556,3,informative_unstable
7019,full_oarl,informative_unstable,12,8,10,1.0,0.35,0.0,0.0,quadrature,35,1,1,13,11.056624953336085,11.056624953336085,11.056624953336085,0.969283702594745,1040,5,0.38904242299986436,3,informative_unstable
