seed,policy,regime,n_mechanisms,n_orientations,n_equivalence_classes,n_true_equivalence_classes,n_interventions,admissible_orientations,true_admissible_orientations,false_admissible_positive,false_admissible_negative,raw_actions,structured_actions,base_noise,perturbation_scale,ig_mode,budget,success_95,correct_argmax,false_high_confidence,n95,c95,total_cost,penalized_c95,posterior_true,score_evals,orientation_switches,inadmissible_queries,true_inadmissible_queries,transported_updates,runtime_s,true_h,block,scale_O
4000,generic_cost_tiebreak,equivalent_redundancy,12,16,4,4,10,16,16,0,0,160,40,1.0,0.0,quadrature,8,0,0,0,9,,5.600662500040577,13.600662500040578,0.36414992197219376,1280,2,0,0,0,0.9433676459999987,8,quadrature_16,16
4000,structured_oarl,equivalent_redundancy,12,16,4,4,10,16,16,0,0,160,40,1.0,0.0,quadrature,8,0,0,0,9,,5.600662500040577,13.600662500040578,0.36414992197219337,320,2,0,0,8,0.2832578360000042,8,quadrature_16,16
4001,generic_cost_tiebreak,equivalent_redundancy,12,16,4,4,10,16,16,0,0,160,40,1.0,0.0,quadrature,8,0,1,0,9,,3.70710639696686,11.70710639696686,0.6932603136473671,1280,3,0,0,0,1.174424564000006,10,quadrature_16,16
4001,structured_oarl,equivalent_redundancy,12,16,4,4,10,16,16,0,0,160,40,1.0,0.0,quadrature,8,0,1,0,9,,3.70710639696686,11.70710639696686,0.6932603136473671,320,3,0,0,8,0.2882487450000042,10,quadrature_16,16
4002,generic_cost_tiebreak,equivalent_redundancy,12,16,4,4,10,16,16,0,0,160,40,1.0,0.0,quadrature,8,0,0,0,9,,4.156825311461284,12.156825311461283,0.26137042472327376,1280,6,0,0,0,1.0982489479999913,8,quadrature_16,16
4002,structured_oarl,equivalent_redundancy,12,16,4,4,10,16,16,0,0,160,40,1.0,0.0,quadrature,8,0,0,0,9,,4.156825311461284,12.156825311461283,0.2613704247232736,320,6,0,0,8,0.25839949900000647,8,quadrature_16,16
4003,generic_cost_tiebreak,equivalent_redundancy,12,16,4,4,10,16,16,0,0,160,40,1.0,0.0,quadrature,8,0,1,0,9,,2.8769893553644708,10.87698935536447,0.8174589149471867,1280,1,0,0,0,1.1334578210000075,2,quadrature_16,16
4003,structured_oarl,equivalent_redundancy,12,16,4,4,10,16,16,0,0,160,40,1.0,0.0,quadrature,8,0,1,0,9,,2.8769893553644708,10.87698935536447,0.8174589149471867,320,1,0,0,8,0.2965074499999929,2,quadrature_16,16
4004,generic_cost_tiebreak,equivalent_redundancy,12,16,4,4,10,16,16,0,0,160,40,1.0,0.0,quadrature,8,0,1,0,9,,4.12027699203877,12.12027699203877,0.5126998760818837,1280,0,0,0,0,1.1029544960000095,3,quadrature_16,16
4004,structured_oarl,equivalent_redundancy,12,16,4,4,10,16,16,0,0,160,40,1.0,0.0,quadrature,8,0,1,0,9,,4.12027699203877,12.12027699203877,0.5126998760818837,320,0,0,0,8,0.2992440449999947,3,quadrature_16,16
4000,generic_cost_tiebreak,equivalent_redundancy,12,32,4,4,10,32,32,0,0,320,40,1.0,0.0,quadrature,8,0,0,0,9,,2.5697720845030396,10.56977208450304,0.09221026062890446,2560,3,0,0,0,2.192099402000011,10,quadrature_32,32
4000,structured_oarl,equivalent_redundancy,12,32,4,4,10,32,32,0,0,320,40,1.0,0.0,quadrature,8,0,0,0,9,,2.5697720845030396,10.56977208450304,0.0922102606289045,320,3,0,0,8,0.251417735000004,10,quadrature_32,32
4001,generic_cost_tiebreak,equivalent_redundancy,12,32,4,4,10,32,32,0,0,320,40,1.0,0.0,quadrature,8,0,0,0,9,,2.727550382791933,10.727550382791932,0.24875922062722836,2560,4,0,0,0,2.1915598230000057,2,quadrature_32,32
4001,structured_oarl,equivalent_redundancy,12,32,4,4,10,32,32,0,0,320,40,1.0,0.0,quadrature,8,0,0,0,9,,2.727550382791933,10.727550382791932,0.24875922062722858,320,4,0,0,8,0.2652350190000021,2,quadrature_32,32
4002,generic_cost_tiebreak,equivalent_redundancy,12,32,4,4,10,32,32,0,0,320,40,1.0,0.0,quadrature,8,0,0,0,9,,3.9472364574626475,11.947236457462648,0.4066906792587874,2560,6,0,0,0,2.0660329850000068,1,quadrature_32,32
4002,structured_oarl,equivalent_redundancy,12,32,4,4,10,32,32,0,0,320,40,1.0,0.0,quadrature,8,0,0,0,9,,3.9472364574626475,11.947236457462648,0.4066906792587876,320,6,0,0,8,0.20428716699998972,1,quadrature_32,32
4003,generic_cost_tiebreak,equivalent_redundancy,12,32,4,4,10,32,32,0,0,320,40,1.0,0.0,quadrature,8,1,1,0,4,1.1022276944008995,1.1022276944008995,1.1022276944008995,0.991813618714309,1280,2,0,0,0,1.000194854,1,quadrature_32,32
4003,structured_oarl,equivalent_redundancy,12,32,4,4,10,32,32,0,0,320,40,1.0,0.0,quadrature,8,1,1,0,4,1.1022276944008995,1.1022276944008995,1.1022276944008995,0.991813618714309,160,2,0,0,4,0.15208435300000644,1,quadrature_32,32
4004,generic_cost_tiebreak,equivalent_redundancy,12,32,4,4,10,32,32,0,0,320,40,1.0,0.0,quadrature,8,0,0,0,9,,3.167115654049724,11.167115654049724,0.19029944062566453,2560,6,0,0,0,2.1323001720000008,0,quadrature_32,32
4004,structured_oarl,equivalent_redundancy,12,32,4,4,10,32,32,0,0,320,40,1.0,0.0,quadrature,8,0,0,0,9,,3.167115654049724,11.167115654049724,0.1902994406256644,320,6,0,0,8,0.30384344399999463,0,quadrature_32,32
4000,generic_cost_tiebreak,equivalent_redundancy,12,64,4,4,10,64,64,0,0,640,40,1.0,0.0,quadrature,8,0,0,0,9,,1.1403306308456005,9.1403306308456,0.13490657954524607,5120,0,0,0,0,4.424221158000009,4,quadrature_64,64
4000,structured_oarl,equivalent_redundancy,12,64,4,4,10,64,64,0,0,640,40,1.0,0.0,quadrature,8,0,0,0,9,,1.1403306308456005,9.1403306308456,0.13490657954524585,320,0,0,0,8,0.2884876669999983,4,quadrature_64,64
4001,generic_cost_tiebreak,equivalent_redundancy,12,64,4,4,10,64,64,0,0,640,40,1.0,0.0,quadrature,8,0,1,0,9,,3.0576421263848452,11.057642126384845,0.4906567151804271,5120,3,0,0,0,4.483550999000002,2,quadrature_64,64
4001,structured_oarl,equivalent_redundancy,12,64,4,4,10,64,64,0,0,640,40,1.0,0.0,quadrature,8,0,1,0,9,,3.0576421263848452,11.057642126384845,0.49065671518042686,320,3,0,0,8,0.27228155999999615,2,quadrature_64,64
4002,generic_cost_tiebreak,equivalent_redundancy,12,64,4,4,10,64,64,0,0,640,40,1.0,0.0,quadrature,8,0,0,0,9,,2.378301199685728,10.378301199685728,0.16556014957381857,5120,4,0,0,0,4.217967415000004,5,quadrature_64,64
4002,structured_oarl,equivalent_redundancy,12,64,4,4,10,64,64,0,0,640,40,1.0,0.0,quadrature,8,0,0,0,9,,2.378301199685728,10.378301199685728,0.16556014957381857,320,4,0,0,8,0.20393113000000085,5,quadrature_64,64
4003,generic_cost_tiebreak,equivalent_redundancy,12,64,4,4,10,64,64,0,0,640,40,1.0,0.0,quadrature,8,0,0,0,9,,2.169239512116982,10.169239512116981,0.18669723289825282,5120,5,0,0,0,4.5607312519999965,9,quadrature_64,64
4003,structured_oarl,equivalent_redundancy,12,64,4,4,10,64,64,0,0,640,40,1.0,0.0,quadrature,8,0,0,0,9,,2.169239512116982,10.169239512116981,0.18669723289825277,320,5,0,0,8,0.26214887799999076,9,quadrature_64,64
4004,generic_cost_tiebreak,equivalent_redundancy,12,64,4,4,10,64,64,0,0,640,40,1.0,0.0,quadrature,8,0,1,0,9,,3.710112405495213,11.710112405495213,0.6831605699413119,5120,6,0,0,0,4.226662344999994,4,quadrature_64,64
4004,structured_oarl,equivalent_redundancy,12,64,4,4,10,64,64,0,0,640,40,1.0,0.0,quadrature,8,0,1,0,9,,3.710112405495213,11.710112405495213,0.6831605699413119,320,6,0,0,8,0.2932572539999967,4,quadrature_64,64
